games,Mean reward
0.0,2562.52
100.04606172270843,3675.56
200.09212344541686,4537.28
300.1381851681253,5446.48
400.1842468908337,6445.72
500.23030861354215,6572.6
600.2763703362506,7395.76
700.3224320589591,7177.8
800.3684937816674,7212.8
900.4145555043758,7850.92
1000.4606172270843,8568.36
1100.5066789497928,8052.84
1200.5527406725012,8236.72
1300.5988023952095,8240.56
1400.6448641179181,8442.48
1500.6909258406265,8303.68
1600.7369875633349,8976.84
1700.7830492860433,9611.48
1800.8291110087516,8933.68
1900.8751727314602,8728.8
2000.9212344541686,9616.16
2100.967296176877,10301.28
2201.0133578995856,10134.16
2301.0594196222937,9885.4
2401.1054813450023,10404.8
2501.151543067711,10720.56
2601.197604790419,10497.4
2701.2436665131277,10851.32
2801.2897282358363,9722.72
2901.3357899585444,10709.88
3001.381851681253,10612.32
3101.427913403961,10438.28
3201.4739751266698,10722.96
3301.5200368493784,10936.08
3401.5660985720865,11095.24
3501.612160294795,10750.16
3601.6582220175032,10926.36
3701.704283740212,10716.68
3801.7503454629204,11446.72
3901.7964071856286,11423.2
4001.842468908337,12367.52
4101.888530631046,11646.08
4201.934592353754,11924.92
4301.980654076462,11944.72
4402.026715799171,11315.2
4502.072777521879,11654.88
4602.118839244587,12780.56
4702.1649009672965,12130.04
4802.210962690005,12084.44
4902.257024412713,12578.56
5002.303086135422,12658.84
5102.34914785813,12450.44
5202.395209580838,11903.76
5302.441271303547,13052.56
5402.487333026255,13144.2
5502.5333947489635,12310.12
5602.5794564716725,12424.72
5702.625518194381,14163.52
5802.671579917089,13437.88
5902.717641639797,12390.88
6002.763703362506,13177.72
6102.809765085214,13878.0
6202.855826807922,13561.0
6302.901888530631,13326.32
6402.9479502533395,13981.0
6502.994011976048,14524.92
6603.040073698757,14540.92
6703.086135421465,14519.96
6803.132197144173,13880.28
6903.178258866882,14950.04
7003.22432058959,14075.08
7103.270382312298,15187.88
7203.3164440350065,14101.64
7303.362505757716,15508.52
7403.408567480424,15524.4
7503.454629203132,15607.52
7603.500690925841,15577.84
7703.546752648549,15173.04
7803.592814371257,15223.84
7903.638876093966,16263.8
8003.684937816674,16327.88
8103.7309995393825,15297.44
8203.777061262092,15623.08
8303.823122984799,14974.88
8403.869184707508,15306.44
8503.915246430217,15805.64
8603.961308152924,15878.92
8704.007369875633,16316.76
8804.053431598342,16034.04
8904.09949332105,16237.72
9004.145555043759,17396.68
9104.191616766468,16921.36
9204.237678489175,17421.32
9304.283740211884,16012.44
9404.329801934593,16570.92
9504.3758636573,17664.12
9604.42192538001,17310.28
9704.467987102718,16688.72
9804.514048825426,17281.68
9904.560110548135,17630.24
10004.606172270844,17263.6
10104.65223399355,17133.32
10204.69829571626,17337.12
10304.744357438969,17602.64
10404.790419161676,18578.32
10504.836480884385,16906.2
10604.882542607094,18309.2
10704.928604329802,17515.44
10804.97466605251,17832.68
10905.02072777522,18813.48
11005.066789497927,17974.24
11105.112851220636,19417.28
11205.158912943345,19968.28
11305.204974666052,18450.4
11405.251036388761,18116.8
11505.297098111469,18008.68
11605.343159834178,17977.12
11705.389221556887,18639.76
11805.435283279594,19097.48
11905.481345002303,19078.2
12005.527406725012,19759.8
12105.57346844772,20490.88
12205.619530170428,18994.2
12305.665591893137,18700.96
12405.711653615845,20385.72
12505.757715338554,21074.56
12605.803777061263,19527.72
12705.84983878397,20775.48
12805.895900506679,20227.0
12905.941962229388,19398.88
13005.988023952095,19436.96
13106.034085674804,20327.0
13206.080147397513,20594.8
13306.12620912022,20474.68
13406.17227084293,19797.32
13506.218332565639,20004.92
13606.264394288346,21213.24
13706.310456011055,20754.52
13806.356517733764,20464.52
13906.402579456471,20809.2
14006.44864117918,21197.76
14106.49470290189,19611.96
14206.540764624597,20679.96
14306.586826347306,22034.52
14406.632888070013,21466.6
14506.678949792722,22737.2
14606.725011515431,20327.52
14706.771073238138,21429.32
14806.817134960847,20844.84
14906.863196683556,21985.76
15006.909258406264,21157.08
15106.955320128973,21870.64
15207.001381851682,21313.8
15307.047443574389,21611.88
15407.093505297098,21784.24
15507.139567019807,23123.84
15607.185628742514,21334.8
15707.231690465223,21794.68
15807.277752187932,20466.88
15907.32381391064,22570.4
16007.369875633349,22299.32
16107.415937356058,22467.88
16207.461999078765,23915.12
16307.508060801474,22137.48
16407.554122524183,24103.16
16507.60018424689,21396.76
16607.646245969598,24577.6
16707.69230769231,22988.24
16807.738369415016,23231.8
16907.784431137723,22939.96
17007.830492860434,23076.52
17107.87655458314,22649.84
17207.92261630585,23424.2
17307.96867802856,23076.84
17408.014739751266,23420.8
17508.060801473974,23848.28
17608.106863196685,22814.52
17708.15292491939,24039.84
17808.1989866421,24088.48
17908.24504836481,24264.76
18008.291110087517,23509.24
18108.337171810224,23572.2
18208.383233532935,22506.12
18308.429295255643,24731.04
18408.47535697835,22372.68
18508.52141870106,23785.88
18608.567480423768,26391.88
18708.613542146475,25184.36
18808.659603869186,26568.64
18908.705665591893,25225.0
19008.7517273146,24151.4
19108.79778903731,26591.2
19208.84385076002,23929.28
19308.889912482726,23075.76
19408.935974205437,24178.36
19508.982035928144,25054.04
19609.02809765085,25176.64
19709.074159373562,25524.48
19809.12022109627,24916.04
19909.166282818976,25506.56
20009.212344541687,24870.8
20109.258406264395,26488.68
20209.3044679871,24884.32
20309.350529709813,23857.8
20409.39659143252,23262.04
20509.442653155227,24801.88
20609.488714877938,27781.4
20709.534776600645,26885.24
20809.580838323353,24709.72
20909.626900046063,26164.92
21009.67296176877,25079.24
21109.719023491478,24632.8
21209.76508521419,27485.2
21309.811146936896,24709.68
21409.857208659603,26362.16
21509.903270382314,26214.56
21609.94933210502,26909.56
21709.99539382773,26757.52
21810.04145555044,26655.64
21910.087517273147,26981.6
22010.133578995854,26106.4
22110.179640718565,25746.16
22210.225702441272,25599.96
22310.27176416398,26093.08
22410.31782588669,25503.8
22510.363887609397,25330.16
22610.409949332105,27145.08
22710.456011054812,25419.76
22810.502072777523,25792.36
22910.54813450023,27711.76
23010.594196222937,26297.76
23110.640257945648,26625.52
23210.686319668355,27657.96
23310.732381391063,26974.44
23410.778443113773,26679.36
23510.82450483648,26247.36
23610.870566559188,27723.4
23710.9166282819,26958.6
23810.962690004606,26871.52
23911.008751727313,26540.64
24011.054813450024,26411.68
24111.10087517273,25744.12
24211.14693689544,26869.92
24311.19299861815,26975.16
24411.239060340857,26133.64
24511.285122063564,27995.84
24611.331183786275,25979.16
24711.377245508982,27255.44
24811.42330723169,28676.84
24911.4693689544,28170.6
25011.515430677107,28030.28
25111.561492399815,27187.56
25211.607554122525,25679.04
25311.653615845233,27087.96
25411.69967756794,28722.32
25511.74573929065,27369.48
25611.791801013358,28027.88
25711.837862736065,26772.72
25811.883924458776,27213.56
25911.929986181483,26877.12
26011.97604790419,27570.08
26112.0221096269,25754.64
26212.06817134961,27443.04
26312.114233072316,26321.0
26412.160294795027,26716.16
26512.206356517734,27516.84
26612.25241824044,27511.2
26712.298479963152,27237.24
26812.34454168586,26743.28
26912.390603408567,26096.56
27012.436665131278,26592.68
27112.482726853985,28173.44
27212.528788576692,28071.6
27312.574850299403,28516.16
27412.62091202211,28369.36
27512.666973744817,28276.04
27612.71303546753,29314.08
27712.759097190235,26969.96
27812.805158912943,27490.08
27912.851220635654,28892.56
28012.89728235836,27733.0
28112.943344081068,25697.48
28212.98940580378,27997.4
28313.035467526486,26973.36
28413.081529249193,27757.76
28513.127590971904,27627.4
28613.17365269461,29182.72
28713.21971441732,27988.44
28813.265776140026,25787.76
28913.311837862737,28051.16
29013.357899585444,27652.44
29113.40396130815,27608.12
29213.450023030862,29910.96
29313.49608475357,27745.72
29413.542146476277,26601.72
29513.588208198988,28584.56
29613.634269921695,28493.8
29713.680331644402,29787.0
29813.726393367113,27800.4
29913.77245508982,27128.28
30013.818516812527,27334.6
30113.86457853524,29177.16
30213.910640257945,29523.44
30313.956701980653,26707.68
30414.002763703364,27364.32
30514.04882542607,29218.92
30614.094887148778,26280.24
30714.14094887149,26996.52
30814.187010594196,27823.08
30914.233072316903,28170.28
31014.279134039614,26989.92
31114.32519576232,29064.32
31214.37125748503,28905.92
31314.41731920774,28331.52
31414.463380930447,26850.76
31514.509442653154,28817.68
31614.555504375865,28977.12
31714.601566098572,27989.32
31814.64762782128,27865.28
31914.69368954399,28896.04
32014.739751266698,28596.08
32114.785812989405,28982.24
32214.831874712116,26790.12
32314.877936434823,28665.56
32414.92399815753,28321.8
32514.97005988024,27008.84
32615.01612160295,30673.24
32715.062183325655,29236.8
32815.10824504837,28520.72
32915.15430677107,27858.32
33015.20036849378,28295.16
33115.24643021649,27547.52
33215.292491939195,27732.44
33315.33855366191,29606.32
33415.38461538462,28613.2
33515.430677107324,29052.88
33615.47673883003,30167.16
33715.52280055274,26774.0
33815.568862275446,28625.96
33915.61492399816,27629.04
34015.66098572087,26332.32
34115.707047443575,29867.36
34215.75310916628,29560.08
34315.79917088899,27481.28
34415.8452326117,26300.0
34515.89129433441,28911.64
34615.93735605712,27612.8
34715.983417779826,29082.6
34816.02947950253,29111.88
34916.07554122524,29914.04
35016.12160294795,29749.92
35116.16766467066,29594.28
35216.21372639337,28859.56
35316.25978811608,29230.84
35416.30584983878,29800.84
35516.35191156149,28522.24
35616.3979732842,30349.32
35716.44403500691,29721.84
35816.49009672962,29542.88
35916.53615845233,29321.84
36016.582220175034,29859.16
36116.62828189774,31737.4
36216.67434362045,30328.76
36316.72040534316,29238.48
36416.76646706587,28402.52
36516.81252878858,29144.28
36616.858590511285,29417.68
36716.90465223399,30325.92
36816.9507139567,29871.12
36916.996775679414,30829.96
37017.04283740212,29828.12
37117.08889912483,31616.76
37217.134960847536,28092.64
37317.18102257024,28636.96
37417.22708429295,29659.4
37517.273146015665,27721.96
37617.31920773837,29150.4
37717.36526946108,28454.92
37817.41133118379,30160.48
37917.45739290649,28977.48
38017.5034546292,31827.08
38117.549516351915,30041.56
38217.59557807462,28611.32
38317.64163979733,29762.6
38417.68770152004,29726.4
38517.733763242744,27392.52
38617.77982496545,29429.08
38717.82588668816,30512.28
38817.87194841087,28672.56
38917.91801013358,29077.12
39017.96407185629,28734.12
39118.010133578995,28926.56
39218.0561953017,30601.44
39318.10225702441,28934.56
39418.148318747124,29655.48
39518.19438046983,27227.0
39618.24044219254,29954.84
39718.286503915246,30874.72
39818.33256563795,30902.88
39918.37862736066,30282.0
40018.424689083375,29726.0
40118.47075080608,30157.4
40218.51681252879,29058.48
40318.5628742515,29026.32
40418.6089359742,31162.32
40518.65499769691,31304.6
40618.701059419625,30623.4
40718.74712114233,30424.28
40818.79318286504,29521.32
40918.83924458775,28030.68
41018.885306310454,30362.84
41118.93136803316,29310.64
41218.977429755876,28496.44
41319.02349147858,32586.0
41419.06955320129,30459.84
41519.115614924,29930.48
41619.161676646705,30024.84
41719.20773836941,29250.36
41819.25380009213,29530.4
41919.299861814834,30331.0
42019.34592353754,30142.6
42119.39198526025,29691.2
42219.438046982956,30244.6
42319.48410870566,30234.44
42419.53017042838,29104.04
42519.576232151085,29927.92
42619.62229387379,30082.12
42719.6683555965,32675.4
42819.71441731921,29217.44
42919.760479041914,30838.16
43019.80654076463,31446.76
43119.852602487335,30701.72
43219.89866421004,29431.28
43319.94472593275,29794.48
43419.99078765546,29154.36
43520.036849378164,28516.52
43620.08291110088,30850.88
43720.128972823586,29604.8
43820.17503454629,29231.04
43920.221096269,29329.36
44020.26715799171,30160.2
44120.313219714415,28453.2
44220.35928143713,27926.0
44320.40534315984,29625.56
44420.451404882544,29823.28
44520.49746660525,31371.36
44620.54352832796,30677.56
44720.589590050666,30734.24
44820.63565177338,31786.04
44920.68171349609,28824.16
45020.727775218795,30167.88
45120.7738369415,31233.52
45220.81989866421,29726.0
45320.86596038692,31211.48
45420.912022109624,30328.88
45520.95808383234,31530.44
45621.004145555045,29654.12
45721.05020727775,32788.0
45821.09626900046,31276.4
45921.14233072317,29994.72
46021.188392445874,30143.48
46121.23445416859,30556.36
46221.280515891296,31577.6
46321.326577614,30938.72
46421.37263933671,31804.24
46521.41870105942,30476.4
46621.464762782125,29878.8
46721.51082450484,30426.6
46821.55688622755,31972.72
46921.602947950254,32393.08
47021.64900967296,29073.44
47121.69507139567,30644.52
47221.741133118376,31068.4
47321.78719484109,31334.8
47421.8332565638,32033.6
47521.879318286505,31266.76
47621.92538000921,31594.52
47721.97144173192,30738.72
47822.01750345463,31990.52
47922.06356517734,30672.96
48022.10962690005,30990.92
48122.155688622755,32994.68
48222.20175034546,30889.72
48322.24781206817,30273.2
48422.29387379088,31994.04
48522.33993551359,32594.32
48622.3859972363,29264.8
48722.432058959006,32411.76
48822.47812068171,31273.96
48922.52418240442,32030.32
49022.57024412713,31383.36
49122.61630584984,31789.0
49222.66236757255,29606.88
49322.70842929526,30526.88
49422.754491017964,31155.84
49522.80055274067,31653.56
49622.84661446338,32451.88
49722.89267618609,30698.12
49822.9387379088,31703.16
49922.98479963151,31039.88
50023.030861354215,31365.32
50123.07692307692,31236.56
50223.12298479963,29330.0
50323.169046522344,30394.56
50423.21510824505,32336.92
50523.26116996776,32241.04
50623.307231690465,29522.96
50723.35329341317,30593.96
50823.39935513588,32351.48
50923.445416858594,31315.24
51023.4914785813,29414.36
51123.53754030401,30367.36
51223.583602026716,32271.2
51323.62966374942,32302.64
51423.67572547213,32371.32
51523.72178719484,30652.16
51623.76784891755,32214.88
51723.81391064026,30244.52
51823.85997236297,30495.2
51923.906034085674,31212.2
52023.95209580838,31656.84
52123.99815753109,31737.36
52224.0442192538,31831.12
52324.09028097651,32436.0
52424.13634269922,30384.36
52524.182404421925,30970.92
52624.22846614463,31815.44
52724.27452786734,32557.0
52824.320589590054,32204.6
52924.36665131276,31125.76
53024.41271303547,31696.52
53124.458774758175,33090.0
53224.50483648088,31175.96
53324.55089820359,30043.44
53424.596959926304,32898.8
53524.64302164901,31788.08
53624.68908337172,30394.8
53724.735145094426,30598.16
53824.78120681713,32805.64
53924.82726853984,30269.2
54024.873330262555,31797.12
54124.91939198526,28923.88
54224.96545370797,29082.48
54325.01151543068,29830.72
54425.057577153384,31869.28
54525.10363887609,32472.92
54625.149700598806,30929.12
54725.19576232151,32217.04
54825.24182404422,31177.28
54925.28788576693,31030.92
55025.333947489635,32071.48
55125.38000921234,30051.0
55225.42607093506,31797.6
55325.472132657764,33182.48
55425.51819438047,30406.56
55525.56425610318,34235.04
55625.610317825885,30686.04
55725.65637954859,29995.36
55825.70244127131,32103.44
55925.748502994014,32447.84
56025.79456471672,31436.76
56125.84062643943,32113.52
56225.886688162136,31804.44
56325.93274988484,33529.08
56425.97881160756,31783.28
56526.024873330265,33594.68
56626.07093505297,31788.8
56726.11699677568,32263.76
56826.16305849839,34863.08
56926.209120221094,32407.72
57026.25518194381,29718.76
57126.301243666516,32570.08
57226.34730538922,34668.96
57326.39336711193,30780.52
57426.43942883464,31587.6
57526.485490557345,32052.52
57626.53155228005,31362.84
57726.57761400277,33570.04
57826.623675725474,33892.36
57926.66973744818,31114.96
58026.71579917089,32359.8
58126.761860893595,32020.64
58226.8079226163,32909.6
58326.85398433902,32020.48
58426.900046061724,31860.52
58526.94610778443,30630.64
58626.99216950714,33016.8
58727.038231229846,31960.08
58827.08429295255,32114.76
58927.13035467527,31585.64
59027.176416397975,31571.44
59127.22247812068,33817.88
59227.26853984339,29031.44
59327.3146015661,32664.96
59427.360663288804,34621.88
59527.40672501152,30976.04
59627.452786734226,33437.84
59727.49884845693,32810.8
59827.54491017964,30973.8
59927.59097190235,31532.28
60027.637033625055,30497.04
60127.68309534777,34101.04
60227.72915707048,30678.16
60327.775218793184,32989.36
60427.82128051589,29900.92
60527.8673422386,33718.84
60627.913403961305,32206.56
60727.95946568402,33897.24
60828.00552740673,30088.56
60928.051589129434,31542.56
61028.09765085214,33863.24
61128.14371257485,33396.16
61228.189774297556,32697.08
61328.23583602027,33574.6
61428.28189774298,31789.52
61528.327959465685,32081.12
61628.37402118839,33563.68
61728.4200829111,30396.8
61828.46614463381,31402.0
61928.51220635652,32681.12
62028.55826807923,32839.68
62128.604329801936,31913.12
62228.65039152464,33158.84
62328.69645324735,32722.04
62428.74251497006,31407.64
62528.78857669277,32301.16
62628.83463841548,35390.48
62728.88070013819,32552.28
62828.926761860894,33473.92
62928.9728235836,33746.8
63029.01888530631,34254.24
63129.06494702902,32501.64
63229.11100875173,33350.0
63329.15707047444,34478.8
63429.203132197144,35150.04
63529.24919391985,31788.36
63629.29525564256,32479.2
63729.34131736527,32774.24
63829.38737908798,33721.28
63929.43344081069,33902.8
64029.479502533395,31619.36
64129.5255642561,32954.04
64229.57162597881,34896.36
64329.61768770152,35116.12
64429.66374942423,30907.36
64529.70981114694,30638.88
64629.755872869646,32285.2
64729.80193459235,32129.12
64829.84799631506,34093.0
64929.89405803777,33520.68
65029.94011976048,33291.68
65129.98618148319,35478.48
65230.0322432059,34229.68
65330.078304928604,34728.6
65430.12436665131,32800.24
65530.17042837402,32998.76
65630.21649009673,33888.04
65730.26255181944,32018.6
65830.30861354215,33865.4
65930.35467526485,32692.2
66030.40073698756,33175.24
66130.44679871027,32536.04
66230.49286043298,34445.6
66330.53892215568,32781.92
66430.58498387839,33848.48
66530.63104560111,36331.48
66630.67710732382,32816.08
66730.72316904653,31908.92
66830.76923076923,32845.08
66930.81529249194,32508.16
67030.86135421465,31891.44
67130.90741593736,34263.76
67230.95347766006,34000.48
67330.99953938277,33512.36
67431.04560110548,32899.04
67531.09166282818,32172.44
67631.13772455089,38158.76
67731.18378627361,34932.56
67831.22984799632,32560.36
67931.27590971903,32565.2
68031.32197144174,36200.32
68131.36803316444,33287.04
68231.41409488715,33249.8
68331.46015660986,35365.76
68431.50621833256,34067.0
68531.55228005527,33085.64
68631.59834177798,32486.84
68731.64440350069,32408.76
68831.6904652234,33316.12
68931.73652694612,34983.44
69031.78258866882,32385.36
69131.82865039153,32667.56
69231.87471211424,33288.44
69331.92077383694,34924.84
69431.96683555965,32556.36
69532.01289728236,34255.88
69632.05895900507,33632.8
69732.10502072777,34806.44
69832.15108245048,31618.6
69932.19714417319,34042.6
70032.2432058959,33598.4
70132.28926761862,34514.96
70232.33532934132,33204.84
70332.38139106403,31808.32
70432.42745278674,34436.24
70532.47351450945,32682.32
70632.51957623215,31605.96
70732.56563795486,32457.04
70832.61169967757,32896.92
70932.65776140027,33224.44
71032.70382312298,35129.4
71132.74988484569,34448.24
71232.7959465684,35156.12
71332.8420082911,34662.72
71432.88807001383,31730.56
71532.93413173653,32448.64
71632.98019345924,34882.64
71733.02625518195,32811.96
71833.07231690465,33986.8
71933.11837862736,32922.08
72033.16444035007,34590.4
72133.21050207278,35464.96
72233.25656379548,33411.24
72333.30262551819,35457.04
72433.3486872409,33412.56
72533.3947489636,32989.76
72633.44081068633,32772.68
72733.48687240903,33704.16
72833.53293413174,34884.64
72933.57899585445,34818.2
73033.62505757716,32667.36
73133.67111929986,35621.08
73233.71718102257,32952.84
73333.76324274528,33063.08
73433.80930446798,33523.56
73533.85536619069,34032.92
73633.9014279134,34214.44
73733.9474896361,33976.56
73833.99355135883,34120.64
73934.03961308154,33538.44
74034.08567480424,33195.32
74134.13173652695,32462.64
74234.17779824966,33616.68
74334.22385997236,32039.04
74434.26992169507,33592.8
74534.31598341778,33858.12
74634.36204514049,32959.36
74734.4081068632,32010.96
74834.4541685859,33370.48
74934.50023030861,33168.84
75034.54629203133,35010.92
75134.59235375404,36440.04
75234.63841547674,34405.72
75334.68447719945,35748.64
75434.73053892216,36306.72
75534.77660064487,34495.72
75634.82266236757,36480.72
75734.86872409028,35481.28
75834.91478581299,35389.04
75934.9608475357,35612.96
76035.0069092584,32835.48
76135.05297098111,33212.72
76235.09903270383,33408.24
76335.14509442654,34560.64
76435.19115614925,34704.96
76535.23721787195,34661.24
76635.28327959466,35066.88
76735.32934131737,36276.92
76835.37540304007,35024.2
76935.42146476278,34970.16
77035.46752648549,33707.88
77135.5135882082,35369.0
77235.5596499309,34742.72
77335.60571165361,32617.48
77435.65177337632,33207.96
77535.69783509904,32801.88
77635.74389682175,32991.8
77735.78995854445,34802.48
77835.83602026716,33109.28
77935.88208198987,33643.16
78035.92814371258,34152.28
78135.97420543528,35635.72
78236.02026715799,34401.88
78336.0663288807,32789.72
78436.1123906034,35331.8
78536.15845232611,33872.92
78636.20451404882,33345.64
78736.25057577154,33005.52
78836.29663749425,34140.56
78936.34269921696,33836.84
79036.38876093966,33823.32
79136.43482266237,35061.52
79236.48088438508,34781.64
79336.52694610778,34543.56
79436.57300783049,33493.84
79536.6190695532,36442.96
79636.6651312759,33273.8
79736.71119299861,34663.48
79836.75725472132,35041.8
79936.80331644404,34168.64
80036.84937816675,38320.28
80136.89543988946,33910.84
80236.94150161216,37218.64
80336.98756333487,35618.92
80437.03362505758,36246.56
80537.07968678029,34036.08
80637.125748503,35756.24
80737.1718102257,35775.08
80837.2178719484,37435.88
80937.26393367111,34935.56
81037.30999539382,33934.2
81137.35605711654,35001.08
81237.40211883925,33761.24
81337.44818056196,34016.44
81437.49424228467,34161.6
81537.54030400737,35899.24
81637.58636573008,33335.0
81737.63242745279,34634.76
81837.6784891755,37091.52
81937.7245508982,35562.88
82037.77061262091,35428.0
82137.81667434362,35709.76
82237.86273606632,36267.84
82337.90879778904,35280.64
82437.95485951175,33504.44
82538.00092123446,33700.6
82638.04698295717,34636.48
82738.09304467987,39665.48
82838.13910640258,36165.0
82938.18516812529,36136.88
83038.231229848,35125.64
83138.2772915707,36293.2
83238.32335329341,34925.64
83338.36941501612,35254.8
83438.41547673882,33335.84
83538.46153846153,34569.72
83638.50760018425,38329.8
83738.55366190696,36452.32
83838.59972362967,32855.32
83938.64578535238,36838.32
84038.69184707508,35779.8
84138.73790879779,33929.04
84238.7839705205,35252.36
84338.8300322432,34527.84
84438.87609396591,35249.6
84538.92215568862,32689.44
84638.96821741133,35408.32
84739.01427913403,33149.28
84839.06034085675,36015.52
84939.10640257946,37043.76
85039.15246430217,36515.92
85139.19852602488,36063.96
85239.24458774758,33195.6
85339.29064947029,34072.64
85439.336711193,33985.56
85539.3827729157,36129.2
85639.42883463841,36786.92
85739.47489636112,37107.76
85839.52095808383,34038.36
85939.56701980653,34488.68
86039.61308152926,34342.92
86139.65914325196,37606.16
86239.70520497467,35371.16
86339.75126669738,34529.24
86439.79732842009,36841.6
86539.84339014279,34257.84
86639.8894518655,31888.28
86739.9355135882,37126.8
86839.98157531091,38161.28
86940.02763703362,34798.44
87040.07369875633,36670.6
87140.11976047904,34050.12
87240.16582220176,36641.04
87340.21188392446,35379.56
87440.25794564717,36783.4
87540.30400736988,38171.28
87640.35006909259,39452.64
87740.3961308153,36336.0
87840.442192538,36220.76
87940.48825426071,36230.0
88040.53431598342,36270.48
88140.58037770612,37548.88
88240.62643942883,32615.56
88340.67250115154,34694.92
88440.71856287426,37371.96
88540.76462459697,35569.12
88640.81068631967,33799.04
88740.85674804238,36474.36
88840.90280976509,36528.64
88940.9488714878,38733.08
89040.9949332105,34643.28
89141.04099493321,37244.08
89241.08705665592,37545.92
89341.13311837862,36498.32
89441.17918010133,37575.12
89541.22524182404,34512.16
89641.27130354676,36903.08
89741.31736526947,36989.28
89841.36342699217,34257.12
89941.40948871488,36045.64
90041.45555043759,38327.16
90141.5016121603,36362.28
90241.547673883,36085.88
90341.59373560571,34961.8
90441.63979732842,37571.04
90541.68585905113,37347.36
90641.73192077383,38216.36
90741.77798249654,35726.0
90841.82404421925,37757.68
90941.87010594197,38240.44
91041.91616766468,39416.36
91141.96222938738,36494.44
91242.00829111009,37990.36
91342.0543528328,35016.76
91442.1004145555,37851.8
91542.14647627821,38296.0
91642.19253800092,35514.12
91742.23859972363,37275.04
91842.28466144633,37506.36
91942.33072316904,34945.36
92042.37678489175,37460.88
92142.42284661447,34637.04
92242.46890833718,39907.4
92342.51497005988,38280.4
92442.56103178259,36157.08
92542.6070935053,37919.76
92642.653155228,35318.12
92742.69921695071,38171.6
92842.74527867342,35089.48
92942.79134039613,37575.92
93042.83740211884,37624.48
93142.88346384154,37813.0
93242.92952556425,35864.2
93342.97558728697,36843.12
93443.02164900968,36347.48
93543.06771073239,38413.72
93643.1137724551,37693.08
93743.1598341778,34668.76
93843.20589590051,37929.64
93943.25195762322,37270.76
94043.29801934592,35869.36
94143.34408106863,35963.08
94243.39014279134,36133.12
94343.43620451404,37514.36
94443.48226623675,37471.4
94543.52832795947,37611.88
94643.57438968218,37729.6
94743.62045140489,37814.84
94843.6665131276,34178.92
94943.7125748503,36466.0
95043.75863657301,37333.6
95143.80469829572,36235.76
95243.85076001842,34800.92
95343.89682174113,36190.28
95443.94288346384,39945.24
95543.98894518655,39238.68
95644.03500690925,36662.6
95744.08106863197,36108.24
95844.12713035468,38084.04
95944.17319207739,37055.2
96044.2192538001,37557.56
96144.2653155228,39630.8
96244.31137724551,37684.8
96344.35743896822,37506.64
96444.40350069093,35530.8
96544.44956241363,36661.16
96644.49562413634,39609.24
96744.54168585905,38741.56
96844.58774758175,36308.4
96944.63380930446,37801.52
97044.67987102718,35946.72
97144.72593274989,40519.4
97244.7719944726,39778.68
97344.8180561953,40665.2
97444.86411791801,38432.2
97544.91017964072,37817.16
97644.95624136343,37534.16
97745.00230308613,36871.2
97845.04836480884,38164.6
97945.09442653155,38497.96
98045.14048825426,35711.2
98145.18654997696,37694.36
98245.23261169968,42031.52
98345.27867342239,40281.04
98445.3247351451,36909.08
98545.3707968678,37932.48
98645.41685859051,38432.72
98745.46292031322,40261.76
98845.50898203593,35197.84
98945.55504375864,37474.84
99045.60110548134,37841.4
99145.64716720405,39267.12
99245.69322892676,41401.84
99345.73929064946,40636.72
99445.78535237219,38198.36
99545.8314140949,39173.84
99645.8774758176,41706.76
99745.92353754031,40023.56
99845.96959926301,40198.16
99946.01566098572,40912.8
100046.06172270843,39770.48
100146.10778443114,35559.36
100246.15384615384,38925.6
100346.19990787655,39560.68
100446.24596959926,37478.52
100546.29203132197,40422.08
100646.33809304469,36985.8
100746.3841547674,41585.36
100846.4302164901,39731.12
100946.47627821281,41246.96
101046.52233993552,40533.56
101146.56840165822,41328.28
101246.61446338093,39375.0
101346.66052510364,40693.72
101446.70658682635,38156.92
101546.75264854905,37811.8
101646.79871027176,37771.44
101746.84477199447,36942.64
101846.89083371719,38228.8
101946.9368954399,40104.28
102046.9829571626,38659.64
102147.02901888531,41179.52
102247.07508060802,39514.84
102347.12114233072,37488.72
102447.16720405343,38720.2
102547.21326577614,41542.76
102647.25932749885,40786.76
102747.30538922155,38959.48
102847.35145094426,39817.44
102947.39751266697,40310.56
103047.44357438968,39279.0
103147.4896361124,37573.92
103247.5356978351,39845.08
103347.58175955781,38518.64
103447.62782128052,41795.32
103547.67388300323,39873.6
103647.71994472593,40080.72
103747.76600644864,37297.84
103847.81206817135,39299.6
103947.85812989406,38133.92
104047.90419161676,40627.84
104147.95025333947,40518.64
104247.99631506218,40429.28
104348.0423767849,41396.12
104448.0884385076,41794.72
104548.13450023031,40248.8
104648.18056195302,41175.44
104748.22662367573,42938.2
104848.27268539843,44633.44
104948.31874712114,39170.32
105048.36480884385,40924.68
105148.41087056656,39355.12
105248.45693228926,40865.24
105348.50299401197,39645.88
105448.54905573468,39810.52
105548.5951174574,39658.48
105648.64117918011,41222.68
105748.68724090281,40353.68
105848.73330262552,42609.04
105948.77936434823,43730.0
106048.82542607094,40728.16
106148.87148779364,40009.68
106248.91754951635,40542.04
106348.96361123906,40237.56
106449.00967296177,41465.4
106549.05573468447,38231.2
106649.10179640718,41576.96
106749.1478581299,44341.32
106849.19391985261,39167.24
106949.23998157532,40496.56
107049.28604329802,40099.12
107149.33210502073,40498.12
107249.37816674344,40504.72
107349.42422846614,39762.36
107449.47029018885,38571.64
107549.51635191156,43733.36
107649.56241363427,41680.12
107749.60847535697,40042.08
107849.65453707968,38075.6
107949.7005988024,39781.52
108049.74666052511,39677.52
108149.79272224782,42733.4
108249.83878397052,42428.4
108349.88484569323,42516.36
108449.93090741594,41264.8
108549.97696913865,40194.08
108650.02303086135,40279.6
108750.06909258406,41775.92
108850.11515430677,38768.68
108950.16121602948,39199.12
109050.20727775218,42294.64
109150.25333947489,39531.88
109250.29940119761,40536.96
109350.34546292032,42609.8
109450.39152464303,46069.6
109550.43758636573,41375.44
109650.48364808844,39620.68
109750.52970981115,40244.36
109850.57577153386,39437.2
109950.62183325656,42696.88
110050.66789497927,39358.88
110150.71395670198,43247.56
110250.76001842468,41814.92
110350.80608014739,39389.72
110450.85214187011,43035.84
110550.89820359282,39561.24
110650.94426531553,42067.56
110750.99032703823,39639.72
110851.03638876094,42179.64
110951.08245048365,38897.32
111051.12851220636,42202.16
111151.17457392906,41131.04
111251.22063565177,39695.6
111351.26669737448,41292.2
111451.31275909719,39978.6
111551.35882081989,40649.84
111651.40488254261,43156.4
111751.45094426532,41424.4
111851.49700598803,41750.36
111951.54306771074,44528.4
112051.58912943344,42959.8
112151.63519115615,42103.0
112251.68125287886,45549.16
112351.72731460157,43138.4
112451.77337632427,44635.24
112551.81943804698,44702.04
112651.86549976969,41743.72
112751.9115614924,42203.04
112851.95762321512,40995.28
112952.00368493782,44525.16
113052.04974666053,43033.44
113152.09580838324,42386.64
113252.14187010594,42360.76
113352.18793182865,41908.6
113452.23399355136,39313.0
113552.28005527407,41194.64
113652.32611699677,40507.0
113752.37217871948,40423.8
113852.41824044219,41572.24
113952.4643021649,40520.72
114052.51036388762,43354.96
114152.55642561032,42633.68
114252.60248733303,42587.04
114352.64854905574,41870.8
114452.69461077845,42660.12
114552.74067250115,43573.96
114652.78673422386,41637.16
114752.83279594657,43948.84
114852.87885766928,40015.32
114952.92491939198,40494.76
115052.97098111469,40022.88
115153.0170428374,44828.84
115253.0631045601,40164.88
115353.10916628283,40838.8
115453.15522800553,45083.0
115553.20128972824,42818.2
115653.24735145095,42015.24
115753.29341317365,45515.12
115853.33947489636,41971.12
115953.38553661907,42785.12
116053.43159834178,41310.88
116153.47766006448,42563.28
116253.52372178719,46168.24
116353.5697835099,43987.72
116453.6158452326,43345.84
116553.66190695533,42386.04
116653.70796867803,41284.0
116753.75403040074,44964.2
116853.80009212345,41622.28
116953.84615384616,42594.36
117053.89221556886,46893.36
117153.93827729157,43507.68
117253.98433901428,40924.6
117354.03040073699,43638.44
117454.07646245969,42616.72
117554.1225241824,44974.32
117654.1685859051,38600.68
117754.21464762783,42770.4
117854.26070935054,43364.04
117954.30677107324,43045.0
118054.35283279595,42608.36
118154.39889451866,39408.52
118254.44495624136,42776.76
118354.49101796407,44570.76
118454.53707968678,45378.4
118554.58314140949,45217.08
118654.6292031322,42717.36
118754.6752648549,43740.84
118854.72132657761,42867.12
118954.76738830033,43468.12
119054.81345002304,45115.92
119154.85951174574,41527.12
119254.90557346845,42624.32
119354.95163519116,44736.76
119454.99769691387,42273.28
119555.04375863657,43109.12
119655.08982035928,41508.6
119755.13588208199,44438.16
119855.1819438047,41096.16
119955.2280055274,43003.56
120055.27406725011,45603.2
120155.32012897283,44972.04
120255.36619069554,44902.84
120355.41225241825,46114.92
120455.45831414095,45365.48
120555.50437586366,42620.8
120655.55043758637,43995.68
120755.59649930907,40583.2
120855.64256103178,44676.72
120955.68862275449,41515.36
121055.7346844772,45147.68
121155.7807461999,44514.56
121255.82680792261,45542.0
121355.87286964533,43353.68
121455.91893136804,42527.92
121555.96499309075,45010.76
121656.01105481345,46013.72
121756.05711653616,45214.16
121856.10317825887,40584.96
121956.14923998158,43583.04
122056.19530170428,44038.72
122156.24136342699,44481.8
122256.2874251497,41540.04
122356.3334868724,41833.36
122456.37954859511,45265.32
122556.42561031782,43940.16
122656.47167204054,44081.4
122756.51773376325,44426.0
122856.56379548596,45585.48
122956.60985720866,45599.76
123056.65591893137,40551.84
123156.70198065408,45825.4
123256.74804237678,41509.72
123356.79410409949,46033.12
123456.8401658222,44163.28
123556.8862275449,44827.24
123656.93228926761,44882.48
123756.97835099032,40097.8
123857.02441271304,44606.88
123957.07047443575,43758.2
124057.11653615846,44421.64
124157.16259788116,44882.84
124257.20865960387,43621.16
124357.25472132658,42904.16
124457.30078304929,45858.52
124557.346844772,48509.64
124657.3929064947,41181.08
124757.43896821741,40254.6
124857.48502994012,42040.8
124957.53109166282,43656.2
125057.57715338554,42391.92
125157.62321510825,45267.32
125257.66927683096,42221.68
125357.71533855367,44819.64
125457.76140027637,44650.84
125557.80746199908,45233.08
125657.85352372179,43122.2
125757.8995854445,46496.72
125857.9456471672,45775.2
125957.99170888991,46484.48
126058.03777061262,43803.0
126158.08383233532,45268.72
126258.12989405805,46374.44
126358.17595578075,44242.68
126458.22201750346,44433.84
126558.26807922617,41188.0
126658.31414094887,44410.08
126758.36020267158,42758.72
126858.40626439429,46842.84
126958.452326117,45113.92
127058.4983878397,46493.68
127158.54444956241,47913.96
127258.59051128512,43336.16
127358.63657300783,44472.4
127458.68263473055,42826.08
127558.72869645325,45694.8
127658.77475817596,47566.2
127758.82081989867,45476.92
127858.86688162138,43309.48
127958.91294334408,42828.8
128058.95900506679,42665.68
128159.0050667895,43137.96
128259.0511285122,43164.72
128359.09719023491,43966.24
128459.14325195762,45377.04
128559.18931368033,46442.0
128659.23537540303,45543.16
128759.28143712576,46737.32
128859.32749884846,45034.4
128959.37356057117,46254.72
129059.41962229388,44732.92
129159.46568401658,45194.56
129259.51174573929,46913.04
129359.557807462,45154.04
129459.6038691847,46768.04
129559.64993090741,45909.08
129659.69599263012,42478.4
129759.74205435283,45511.76
129859.78811607554,43143.48
129959.83417779826,44455.76
130059.88023952096,45155.64
130159.92630124367,47860.44
130259.97236296638,43801.44
130360.01842468909,47404.36
130460.0644864118,41631.8
130560.1105481345,42934.64
130660.15660985721,43104.2
130760.20267157991,45472.68
130860.24873330262,49522.36
130960.29479502533,44251.2
131060.34085674804,41990.64
131160.38691847076,44089.16
131260.43298019347,48767.96
131360.47904191617,43357.68
131460.52510363888,42501.76
131560.5711653616,50845.08
131660.6172270843,48222.44
131760.663288807,50186.92
131860.7093505297,51158.52
131960.75541225242,44061.88
132060.80147397512,43945.68
132160.84753569783,47706.12
132260.89359742054,42459.96
132360.93965914325,45354.48
132460.98572086595,42906.68
132561.03178258866,45697.04
132661.07784431137,44473.12
132761.12390603407,43613.44
132861.16996775678,46649.32
132961.21602947952,43782.8
133061.26209120222,48085.6
133161.30815292493,43080.28
133261.35421464764,43945.28
133361.40027637035,39418.76
133461.44633809305,42764.44
133561.49239981576,43457.24
133661.53846153847,43901.52
133761.58452326118,43107.08
133861.63058498388,45315.84
133961.6766467066,42088.2
134061.7227084293,43540.04
134161.768770152,48595.76
134261.8148318747,46758.56
134361.86089359742,43093.8
134461.90695532013,42842.48
134561.95301704283,44499.92
134661.99907876554,46948.68
134762.04514048825,44562.2
134862.09120221096,42676.08
134962.13726393366,44111.96
135062.18332565637,44774.76
135162.22938737908,41001.64
135262.27544910178,46854.0
135362.3215108245,46108.8
135462.36757254723,44432.84
135562.41363426993,49110.96
135662.45969599264,45015.08
135762.50575771535,45135.32
135862.55181943806,43920.56
135962.59788116076,44021.76
136062.64394288347,42969.96
136162.69000460618,48676.28
136262.7360663289,48698.92
136362.7821280516,45200.56
136462.8281897743,47894.4
136562.874251497,47518.4
136662.9203132197,46612.12
136762.96637494242,47816.12
136863.01243666513,43232.8
136963.05849838784,45108.6
137063.10456011054,46066.8
137163.15062183325,44598.4
137263.19668355596,44848.44
137363.24274527867,48856.92
137463.28880700137,46522.08
137563.33486872408,44655.52
137663.3809304468,44077.28
137763.4269921695,45892.64
137863.47305389223,44296.28
137963.51911561494,48320.48
138063.56517733764,48195.8
138163.61123906035,44214.08
138263.65730078306,45821.44
138363.70336250577,47460.6
138463.74942422847,45002.96
138563.79548595118,41893.72
138663.8415476739,45553.36
138763.8876093966,45046.92
138863.9336711193,43895.52
138963.979732842,44521.24
139064.02579456472,45015.4
139164.07185628742,44080.52
139264.11791801013,44125.48
139364.16397973284,47824.24
139464.21004145555,44892.12
139564.25610317825,48718.16
139664.30216490096,47466.8
139764.34822662367,45525.44
139864.39428834638,47167.56
139964.44035006908,45713.6
140064.4864117918,47359.76
140164.5324735145,46986.88
140264.57853523723,45919.12
140364.62459695994,45537.32
140464.67065868265,45526.36
140564.71672040535,42431.8
140664.76278212806,47133.72
140764.80884385077,44826.96
140864.85490557348,49431.68
140964.90096729618,45170.8
141064.9470290189,48077.76
141164.9930907416,45632.32
141265.0391524643,45744.16
141365.085214187,46440.16
141465.13127590972,48342.92
141565.17733763243,51110.76
141665.22339935513,45634.12
141765.26946107784,43860.48
141865.31552280055,45656.76
141965.36158452326,45563.08
142065.40764624596,46493.72
142165.45370796867,50504.88
142265.49976969138,41460.52
142365.54583141409,48115.88
142465.5918931368,47632.48
142565.6379548595,44418.92
142665.6840165822,46364.36
142765.73007830494,46175.36
142865.77614002765,46668.36
142965.82220175036,46989.36
143065.86826347306,49605.2
143165.91432519577,44963.92
143265.96038691848,46329.88
143366.0064486412,45432.08
143466.0525103639,47308.24
143566.0985720866,45603.32
143666.1446338093,47381.6
143766.19069553202,44713.2
143866.23675725472,48004.2
143966.28281897743,50164.04
144066.32888070014,44425.04
144166.37494242284,46979.72
144266.42100414555,49468.2
144366.46706586826,48632.52
144466.51312759097,45043.48
144566.55918931367,47120.88
144666.60525103638,44879.92
144766.6513127591,41617.08
144866.6973744818,48062.8
144966.7434362045,47586.28
145066.7894979272,47427.24
145166.83555964995,47340.32
145266.88162137265,50868.84
145366.92768309536,48848.96
145466.97374481807,47543.6
145567.01980654077,45355.96
145667.06586826348,50771.4
145767.1119299862,45908.6
145867.1579917089,48604.96
145967.2040534316,46858.0
146067.2501151543,47540.4
146167.29617687702,46244.6
146267.34223859973,45531.68
146367.38830032243,46880.72
146467.43436204514,51655.44
146567.48042376785,50454.2
146667.52648549055,46604.92
146767.57254721326,47896.04
146867.61860893597,48142.16
146967.66467065868,49179.16
147067.71073238138,50532.76
147167.7567941041,46305.16
147267.8028558268,45950.12
147367.8489175495,46640.16
147467.8949792722,50689.4
147567.94104099492,43619.04
147667.98710271766,44200.64
147768.03316444036,45054.48
147868.07922616307,46202.4
147968.12528788578,44269.56
148068.17134960848,47382.6
148168.2174113312,47891.76
148268.2634730539,48697.56
148368.3095347766,51554.36
148468.3555964993,46410.72
148568.40165822202,47539.6
148668.44771994473,46784.72
148768.49378166744,49771.84
148868.53984339014,46744.12
148968.58590511285,48819.36
149068.63196683556,46417.52
149168.67802855826,46943.72
149268.72409028097,43724.8
149368.77015200368,48188.8
149468.8162137264,49257.68
149568.8622754491,42981.32
149668.9083371718,46841.48
149768.9543988945,50792.84
149869.00046061722,47418.4
149969.04652233992,45974.12
150069.09258406266,46865.88
150169.13864578537,48400.8
150269.18470750807,45628.32
150369.23076923078,53146.68
150469.2768309535,49069.48
150569.3228926762,43324.96
150669.3689543989,42563.32
150769.4150161216,47184.08
150869.46107784432,47123.2
150969.50713956702,48405.12
151069.55320128973,43623.96
151169.59926301244,45822.08
151269.64532473515,47438.8
151369.69138645785,44660.32
151469.73744818056,46620.6
151569.78350990327,45918.44
151669.82957162597,47375.08
151769.87563334868,48520.52
151869.9216950714,47339.88
151969.9677567941,48315.28
152070.0138185168,50062.28
152170.0598802395,46657.16
152270.10594196222,46941.24
152370.15200368493,48890.56
152470.19806540766,45437.28
152570.24412713037,50911.0
152670.29018885308,48813.12
152770.33625057578,49388.52
152870.3823122985,49883.28
152970.4283740212,40998.68
153070.4744357439,47844.4
153170.5204974666,45494.8
153270.56655918932,46114.12
153370.61262091203,46859.68
153470.65868263473,43663.92
153570.70474435744,47885.64
153670.75080608015,45041.6
153770.79686780286,47883.92
153870.84292952556,45699.16
153970.88899124827,47877.92
154070.93505297098,47129.6
154170.98111469368,44232.64
154271.0271764164,46322.88
154371.0732381391,46168.88
154471.1192998618,47068.16
154571.1653615845,45197.04
154671.21142330722,51246.0
154771.25748502993,49484.32
154871.30354675264,47618.84
154971.34960847537,52061.76
155071.39567019808,49759.16
155171.4417319208,47608.56
155271.4877936435,44357.12
155371.5338553662,48963.6
155471.5799170889,48046.68
155571.62597881161,50104.52
155671.67204053432,49809.44
155771.71810225703,45216.8
155871.76416397974,45908.84
155971.81022570244,45975.76
156071.85628742515,48133.92
156171.90234914786,43999.88
156271.94841087057,48300.56
156371.99447259327,49394.36
156472.04053431598,44760.44
156572.0865960387,46295.24
156672.1326577614,46356.24
156772.1787194841,48846.96
156872.2247812068,47259.96
156972.27084292952,45438.12
157072.31690465222,47203.88
157172.36296637493,48224.12
157272.40902809764,50445.24
157372.45508982037,49131.24
157472.50115154308,49534.32
157572.5472132658,48379.6
157672.5932749885,48844.68
157772.6393367112,52776.12
157872.6853984339,45814.8
157972.73146015662,45402.88
158072.77752187932,45498.0
158172.82358360203,47370.04
158272.86964532474,50196.32
158372.91570704745,47309.0
158472.96176877015,45703.84
158573.00783049286,48676.72
158673.05389221557,42021.92
158773.09995393828,51069.8
158873.14601566098,44033.48
158973.1920773837,48582.08
159073.2381391064,45947.04
159173.2842008291,46399.92
159273.3302625518,43573.48
159373.37632427452,47466.08
159473.42238599723,49171.28
159573.46844771993,45623.08
159673.51450944264,50060.8
159773.56057116538,43756.68
159873.60663288808,47869.4
159973.6526946108,50640.04
160073.6987563335,49056.48
160173.7448180562,49987.68
160273.7908797789,47616.0
160373.83694150162,47799.96
160473.88300322433,46304.6
160573.92906494703,50074.56
160673.97512666974,43760.88
160774.02118839245,46605.4
160874.06725011516,46267.84
160974.11331183786,48834.48
161074.15937356057,46976.32
161174.20543528328,45813.36
161274.251497006,47707.24
161374.2975587287,51651.4
161474.3436204514,47675.16
161574.3896821741,47259.76
161674.4357438968,47635.48
161774.48180561952,47585.64
161874.52786734223,49304.44
161974.57392906494,48055.76
162074.61999078764,47171.56
162174.66605251035,41968.12
162274.7121142331,47599.36
162374.7581759558,49076.88
162474.8042376785,47540.8
162574.8502994012,45677.8
162674.89636112392,49134.56
162774.94242284662,44081.64
162874.98848456933,47927.96
162975.03454629204,48361.8
163075.08060801474,46493.36
163175.12666973745,46515.32
163275.17273146016,47943.4
163375.21879318287,48639.56
163475.26485490557,46518.92
163575.31091662828,51742.68
163675.356978351,47841.36
163775.4030400737,48021.64
163875.4491017964,48491.32
163975.4951635191,47781.88
164075.54122524182,50257.64
164175.58728696452,47816.92
164275.63334868723,43474.24
164375.67941040994,53740.16
164475.72547213265,45019.88
164575.77153385535,47709.72
164675.8175955781,48446.48
164775.8636573008,49246.2
164875.9097190235,47913.76
164975.9557807462,47554.92
165076.00184246892,47380.8
165176.04790419163,49530.64
165276.09396591433,47759.88
165376.14002763704,45123.2
165476.18608935975,48094.72
165576.23215108245,49207.88
165676.27821280516,49679.88
165776.32427452787,46432.88
165876.37033625058,50954.0
165976.41639797328,52728.44
166076.462459696,49650.16
166176.5085214187,47780.28
166276.5545831414,49655.84
166376.6006448641,49898.0
166476.64670658682,49507.6
166576.69276830953,48274.12
166676.73883003223,48823.92
166776.78489175494,45305.84
166876.83095347765,44177.6
166976.87701520036,50848.92
167076.92307692306,50994.76
167176.9691386458,47410.16
167277.0152003685,48748.36
167377.0612620912,49872.2
167477.10732381392,49202.52
167577.15338553663,50295.0
167677.19944725934,48738.6
167777.24550898204,49339.4
167877.29157070475,44449.08
167977.33763242746,49729.52
168077.38369415016,50496.8
168177.42975587287,47266.92
168277.47581759558,49194.44
168377.5218793183,45982.04
168477.567941041,48265.76
168577.6140027637,51439.56
168677.6600644864,51035.44
168777.70612620912,52533.76
168877.75218793182,48958.44
168977.79824965453,44262.96
169077.84431137724,44157.8
169177.89037309994,50329.8
169277.93643482265,49306.16
169377.98249654536,50314.0
169478.02855826807,45205.44
169578.0746199908,45003.36
169678.1206817135,49618.36
169778.16674343622,47150.68
169878.21280515892,46377.16
169978.25886688163,51149.72
170078.30492860434,48555.08
170178.35099032705,48879.52
170278.39705204975,49880.52
170378.44311377246,48440.04
170478.48917549517,47375.2
170578.53523721787,46070.04
170678.58129894058,50205.36
170778.6273606633,50712.96
170878.673422386,44885.68
170978.7194841087,50703.4
171078.7655458314,48256.88
171178.81160755412,48586.12
171278.85766927683,49231.32
171378.90373099953,51136.0
171478.94979272224,49802.08
171578.99585444495,47774.88
171679.04191616765,53557.68
171779.08797789036,49062.96
171879.13403961307,51369.92
171979.1801013358,49683.32
172079.2261630585,46131.24
172179.27222478122,47713.76
172279.31828650393,48615.2
172379.36434822663,51600.0
172479.41040994934,50746.72
172579.45647167205,50911.64
172679.50253339476,49590.04
172779.54859511746,48530.08
172879.59465684017,43632.24
172979.64071856288,50484.12
173079.68678028558,49110.2
173179.7328420083,47284.64
173279.778903731,45441.36
173379.8249654537,47199.24
173479.8710271764,48452.56
173579.91708889912,46756.92
173679.96315062183,49328.36
173780.00921234454,45607.88
173880.05527406724,51118.4
173980.10133578995,52491.44
174080.14739751266,48109.8
174180.19345923536,45222.32
174280.23952095807,45529.12
174380.28558268078,48723.16
174480.33164440352,49639.6
174580.37770612622,49827.0
174680.42376784893,44439.96
174780.46982957164,48941.44
174880.51589129434,52413.4
174980.56195301705,47910.16
175080.60801473976,46618.36
175180.65407646247,47549.76
175280.70013818517,49109.08
175380.74619990788,50084.4
175480.7922616306,49630.96
175580.8383233533,51117.32
175680.884385076,47902.16
175780.9304467987,48800.68
175880.97650852142,48930.76
175981.02257024412,52291.2
176081.06863196683,45848.4
176181.11469368954,48041.32
176281.16075541225,45622.2
176381.20681713495,48526.84
176481.25287885766,48297.4
176581.29894058037,48745.56
176681.34500230307,47690.84
176781.39106402578,50294.36
176881.43712574852,49185.08
176981.48318747123,44303.16
177081.52924919393,49949.36
177181.57531091664,47296.56
177281.62137263935,48753.92
177381.66743436205,45906.92
177481.71349608476,49075.12
177581.75955780747,50126.64
177681.80561953018,51290.48
177781.85168125288,49375.6
177881.8977429756,54393.2
177981.9438046983,48675.88
178081.989866421,50862.64
178182.0359281437,47337.48
178282.08198986642,47186.2
178382.12805158913,49700.8
178482.17411331183,48467.52
178582.22017503454,48008.76
178682.26623675725,50737.24
178782.31229847996,50335.72
178882.35836020266,47391.4
178982.40442192537,49271.76
179082.45048364808,47516.36
179182.49654537078,50948.0
179282.54260709352,51079.28
179382.58866881623,51023.8
179482.63473053894,52662.36
179582.68079226164,47800.4
179682.72685398435,50488.16
179782.77291570706,50651.8
179882.81897742976,47246.84
179982.86503915247,49106.36
180082.91110087518,52611.0
180182.9571625979,46619.36
180283.0032243206,48015.88
180383.0492860433,47773.44
180483.095347766,49327.48
180583.14140948871,44308.04
180683.18747121142,51076.8
180783.23353293413,48476.76
180883.27959465684,48944.0
180983.32565637954,49141.76
181083.37171810225,49084.92
181183.41777982496,47861.88
181283.46384154767,49396.56
181383.50990327037,44189.08
181483.55596499308,47852.56
181583.6020267158,50903.8
181683.6480884385,50033.6
181783.69415016123,50230.24
181883.74021188394,49166.44
181983.78627360665,49730.12
182083.83233532935,47792.6
182183.87839705206,47341.16
182283.92445877477,52785.24
182383.97052049747,50782.96
182484.01658222018,50178.4
182584.0626439429,51072.12
182684.1087056656,48838.44
182784.1547673883,52179.6
182884.200829111,48461.96
182984.24689083372,52952.16
183084.29295255643,51227.96
183184.33901427913,51200.48
183284.38507600184,48963.44
183384.43113772455,49551.84
183484.47719944725,49297.28
183584.52326116996,52296.4
183684.56932289267,53893.16
183784.61538461538,49326.76
183884.66144633808,48953.88
183984.7075080608,46215.04
184084.7535697835,48064.96
184184.79963150623,48209.36
184284.84569322894,50649.4
184384.89175495165,52688.76
184484.93781667436,50614.68
184584.98387839706,49582.8
184685.02994011977,48353.08
184785.07600184248,46708.48
184885.12206356518,49726.8
184985.1681252879,49161.48
185085.2141870106,46200.48
185185.2602487333,46281.2
185285.306310456,51309.2
185385.35237217872,52037.88
185485.39843390143,44725.44
185585.44449562414,51842.64
185685.49055734684,49080.28
185785.53661906955,48798.28
185885.58268079226,47649.88
185985.62874251496,52033.56
186085.67480423767,46150.12
186185.72086596038,49802.8
186285.7669276831,45319.44
186385.8129894058,50321.12
186485.8590511285,53216.4
186585.9051128512,49647.6
186685.95117457394,50311.08
186785.99723629665,47697.12
186886.04329801936,53706.16
186986.08935974207,47352.76
187086.13542146477,47083.32
187186.18148318748,46179.52
187286.2275449102,46323.88
187386.2736066329,48039.84
187486.3196683556,51926.36
187586.3657300783,52088.96
187686.41179180102,46771.52
187786.45785352372,48817.28
187886.50391524643,47412.72
187986.54997696914,50654.76
188086.59603869185,51762.92
188186.64210041455,51337.12
188286.68816213726,48276.4
188386.73422385997,51401.52
188486.78028558267,50637.32
188586.82634730538,50184.16
188686.8724090281,47760.84
188786.9184707508,51891.64
188886.9645324735,50848.64
188987.0105941962,47768.08
189087.05665591895,49658.76
189187.10271764165,47380.8
189287.14877936436,52133.96
189387.19484108707,50048.44
189487.24090280978,51781.8
189587.28696453248,52982.96
189687.3330262552,52868.96
189787.3790879779,46800.28
189887.4251497006,47892.64
189987.4712114233,48133.0
190087.51727314602,53191.0
190187.56333486873,47844.2
190287.60939659143,47489.56
190387.65545831414,47695.08
190487.70152003685,48660.56
190587.74758175956,49109.48
190687.79364348226,45710.76
190787.83970520497,49580.76
190887.88576692768,46465.4
190987.93182865038,52109.24
191087.9778903731,53823.32
191188.0239520958,50812.84
191288.0700138185,48842.28
191388.1160755412,52694.4
191488.16213726395,47418.72
191588.20819898666,50859.32
191688.25426070936,45973.92
191788.30032243207,48428.2
191888.34638415478,52053.52
191988.39244587749,48876.04
192088.4385076002,51883.68
192188.4845693229,50685.6
192288.5306310456,55130.44
192388.5766927683,53033.04
192488.62275449102,48054.2
192588.66881621373,48748.16
192688.71487793644,50242.04
192788.76093965914,49299.64
192888.80700138185,49392.04
192988.85306310456,52591.0
193088.89912482727,48738.56
193188.94518654997,52450.56
193288.99124827268,48037.96
193389.0373099954,51828.24
193489.0833717181,47395.6
193589.1294334408,48799.0
193689.1754951635,48803.64
193789.22155688622,50699.36
193889.26761860892,51721.0
193989.31368033166,52895.0
194089.35974205437,51743.28
194189.40580377707,49119.8
194289.45186549978,51348.12
194389.4979272225,50565.24
194489.5439889452,50652.44
194589.5900506679,48168.76
194689.6361123906,53013.4
194789.68217411332,51712.12
194889.72823583602,50087.4
194989.77429755873,50898.72
195089.82035928144,49887.12
195189.86642100415,51613.56
195289.91248272685,50325.12
195389.95854444956,50220.72
195490.00460617227,48482.44
195590.05066789498,46927.4
195690.09672961768,48092.16
195790.1427913404,49934.56
195890.1888530631,49320.76
195990.2349147858,50306.92
196090.2809765085,49823.04
196190.32703823122,50905.16
196290.37309995393,50701.28
196390.41916167666,51265.12
196490.46522339937,49869.44
196590.51128512208,49931.12
196690.55734684478,49502.96
196790.6034085675,47548.84
196890.6494702902,49466.68
196990.6955320129,51133.72
197090.7415937356,51229.88
197190.78765545832,46995.96
197290.83371718103,49678.72
197390.87977890373,46903.4
197490.92584062644,50285.36
197590.97190234915,50412.28
197691.01796407186,52357.48
197791.06402579456,50690.08
197891.11008751727,53531.0
197991.15614923998,50946.48
198091.20221096269,46224.48
198191.2482726854,53247.84
198291.2943344081,47177.48
198391.3403961308,46731.2
198491.3864578535,50572.64
198591.43251957622,51471.0
198691.47858129893,52262.32
198791.52464302164,48342.16
198891.57070474437,52094.2
198991.61676646708,50577.2
199091.6628281898,47136.0
199191.7088899125,51493.2
199291.7549516352,46810.96
199391.8010133579,51766.68
199491.84707508062,49809.24
199591.89313680332,48949.92
199691.93919852603,53277.24
199791.98526024874,51507.2
199892.03132197144,49290.88
199992.07738369415,53157.36