games,Max Tile
0.0,512
100.04606172270843,1024
200.09212344541686,1024
300.1381851681253,1024
400.1842468908337,1024
500.23030861354215,1024
600.2763703362506,1024
700.3224320589591,1024
800.3684937816674,1024
900.4145555043758,1024
1000.4606172270843,2048
1100.5066789497928,1024
1200.5527406725012,1024
1300.5988023952095,1024
1400.6448641179181,1024
1500.6909258406265,1024
1600.7369875633349,1024
1700.7830492860433,2048
1800.8291110087516,2048
1900.8751727314602,1024
2000.9212344541686,1024
2100.967296176877,2048
2201.0133578995856,2048
2301.0594196222937,1024
2401.1054813450023,1024
2501.151543067711,2048
2601.197604790419,2048
2701.2436665131277,2048
2801.2897282358363,1024
2901.3357899585444,2048
3001.381851681253,1024
3101.427913403961,1024
3201.4739751266698,2048
3301.5200368493784,1024
3401.5660985720865,2048
3501.612160294795,2048
3601.6582220175032,1024
3701.704283740212,2048
3801.7503454629204,2048
3901.7964071856286,2048
4001.842468908337,2048
4101.888530631046,2048
4201.934592353754,2048
4301.980654076462,2048
4402.026715799171,2048
4502.072777521879,2048
4602.118839244587,2048
4702.1649009672965,2048
4802.210962690005,2048
4902.257024412713,2048
5002.303086135422,2048
5102.34914785813,2048
5202.395209580838,2048
5302.441271303547,2048
5402.487333026255,2048
5502.5333947489635,2048
5602.5794564716725,2048
5702.625518194381,2048
5802.671579917089,2048
5902.717641639797,2048
6002.763703362506,2048
6102.809765085214,2048
6202.855826807922,2048
6302.901888530631,2048
6402.9479502533395,2048
6502.994011976048,2048
6603.040073698757,2048
6703.086135421465,2048
6803.132197144173,2048
6903.178258866882,2048
7003.22432058959,2048
7103.270382312298,2048
7203.3164440350065,2048
7303.362505757716,2048
7403.408567480424,2048
7503.454629203132,2048
7603.500690925841,2048
7703.546752648549,2048
7803.592814371257,2048
7903.638876093966,2048
8003.684937816674,2048
8103.7309995393825,2048
8203.777061262092,2048
8303.823122984799,2048
8403.869184707508,2048
8503.915246430217,2048
8603.961308152924,2048
8704.007369875633,2048
8804.053431598342,2048
8904.09949332105,2048
9004.145555043759,2048
9104.191616766468,2048
9204.237678489175,2048
9304.283740211884,2048
9404.329801934593,2048
9504.3758636573,2048
9604.42192538001,2048
9704.467987102718,2048
9804.514048825426,2048
9904.560110548135,2048
10004.606172270844,2048
10104.65223399355,2048
10204.69829571626,2048
10304.744357438969,2048
10404.790419161676,2048
10504.836480884385,2048
10604.882542607094,2048
10704.928604329802,2048
10804.97466605251,2048
10905.02072777522,2048
11005.066789497927,2048
11105.112851220636,2048
11205.158912943345,2048
11305.204974666052,2048
11405.251036388761,2048
11505.297098111469,2048
11605.343159834178,2048
11705.389221556887,2048
11805.435283279594,2048
11905.481345002303,2048
12005.527406725012,2048
12105.57346844772,2048
12205.619530170428,2048
12305.665591893137,2048
12405.711653615845,2048
12505.757715338554,2048
12605.803777061263,2048
12705.84983878397,4096
12805.895900506679,2048
12905.941962229388,2048
13005.988023952095,2048
13106.034085674804,2048
13206.080147397513,4096
13306.12620912022,2048
13406.17227084293,2048
13506.218332565639,2048
13606.264394288346,4096
13706.310456011055,2048
13806.356517733764,2048
13906.402579456471,2048
14006.44864117918,2048
14106.49470290189,2048
14206.540764624597,2048
14306.586826347306,4096
14406.632888070013,4096
14506.678949792722,2048
14606.725011515431,2048
14706.771073238138,2048
14806.817134960847,2048
14906.863196683556,2048
15006.909258406264,2048
15106.955320128973,2048
15207.001381851682,4096
15307.047443574389,2048
15407.093505297098,4096
15507.139567019807,2048
15607.185628742514,4096
15707.231690465223,4096
15807.277752187932,2048
15907.32381391064,2048
16007.369875633349,2048
16107.415937356058,4096
16207.461999078765,2048
16307.508060801474,2048
16407.554122524183,2048
16507.60018424689,2048
16607.646245969598,4096
16707.69230769231,2048
16807.738369415016,4096
16907.784431137723,2048
17007.830492860434,4096
17107.87655458314,4096
17207.92261630585,2048
17307.96867802856,2048
17408.014739751266,4096
17508.060801473974,2048
17608.106863196685,2048
17708.15292491939,4096
17808.1989866421,4096
17908.24504836481,4096
18008.291110087517,2048
18108.337171810224,4096
18208.383233532935,4096
18308.429295255643,4096
18408.47535697835,4096
18508.52141870106,4096
18608.567480423768,4096
18708.613542146475,4096
18808.659603869186,4096
18908.705665591893,4096
19008.7517273146,4096
19108.79778903731,4096
19208.84385076002,2048
19308.889912482726,4096
19408.935974205437,2048
19508.982035928144,4096
19609.02809765085,4096
19709.074159373562,2048
19809.12022109627,4096
19909.166282818976,4096
20009.212344541687,4096
20109.258406264395,4096
20209.3044679871,4096
20309.350529709813,2048
20409.39659143252,4096
20509.442653155227,4096
20609.488714877938,4096
20709.534776600645,4096
20809.580838323353,4096
20909.626900046063,4096
21009.67296176877,4096
21109.719023491478,4096
21209.76508521419,4096
21309.811146936896,2048
21409.857208659603,4096
21509.903270382314,4096
21609.94933210502,4096
21709.99539382773,4096
21810.04145555044,4096
21910.087517273147,2048
22010.133578995854,4096
22110.179640718565,2048
22210.225702441272,4096
22310.27176416398,4096
22410.31782588669,4096
22510.363887609397,4096
22610.409949332105,2048
22710.456011054812,4096
22810.502072777523,4096
22910.54813450023,4096
23010.594196222937,4096
23110.640257945648,4096
23210.686319668355,4096
23310.732381391063,4096
23410.778443113773,4096
23510.82450483648,4096
23610.870566559188,4096
23710.9166282819,4096
23810.962690004606,4096
23911.008751727313,4096
24011.054813450024,4096
24111.10087517273,2048
24211.14693689544,4096
24311.19299861815,4096
24411.239060340857,2048
24511.285122063564,4096
24611.331183786275,4096
24711.377245508982,4096
24811.42330723169,4096
24911.4693689544,4096
25011.515430677107,4096
25111.561492399815,4096
25211.607554122525,2048
25311.653615845233,4096
25411.69967756794,4096
25511.74573929065,4096
25611.791801013358,4096
25711.837862736065,4096
25811.883924458776,4096
25911.929986181483,4096
26011.97604790419,4096
26112.0221096269,4096
26212.06817134961,2048
26312.114233072316,4096
26412.160294795027,4096
26512.206356517734,4096
26612.25241824044,4096
26712.298479963152,4096
26812.34454168586,4096
26912.390603408567,4096
27012.436665131278,4096
27112.482726853985,4096
27212.528788576692,4096
27312.574850299403,4096
27412.62091202211,4096
27512.666973744817,4096
27612.71303546753,4096
27712.759097190235,4096
27812.805158912943,4096
27912.851220635654,4096
28012.89728235836,4096
28112.943344081068,4096
28212.98940580378,4096
28313.035467526486,4096
28413.081529249193,4096
28513.127590971904,4096
28613.17365269461,4096
28713.21971441732,4096
28813.265776140026,4096
28913.311837862737,4096
29013.357899585444,2048
29113.40396130815,4096
29213.450023030862,4096
29313.49608475357,4096
29413.542146476277,4096
29513.588208198988,4096
29613.634269921695,4096
29713.680331644402,4096
29813.726393367113,2048
29913.77245508982,4096
30013.818516812527,4096
30113.86457853524,4096
30213.910640257945,4096
30313.956701980653,4096
30414.002763703364,2048
30514.04882542607,4096
30614.094887148778,4096
30714.14094887149,2048
30814.187010594196,4096
30914.233072316903,4096
31014.279134039614,4096
31114.32519576232,4096
31214.37125748503,4096
31314.41731920774,4096
31414.463380930447,2048
31514.509442653154,4096
31614.555504375865,4096
31714.601566098572,4096
31814.64762782128,2048
31914.69368954399,2048
32014.739751266698,4096
32114.785812989405,4096
32214.831874712116,4096
32314.877936434823,4096
32414.92399815753,4096
32514.97005988024,2048
32615.01612160295,4096
32715.062183325655,4096
32815.10824504837,4096
32915.15430677107,2048
33015.20036849378,4096
33115.24643021649,4096
33215.292491939195,4096
33315.33855366191,4096
33415.38461538462,4096
33515.430677107324,4096
33615.47673883003,4096
33715.52280055274,4096
33815.568862275446,4096
33915.61492399816,4096
34015.66098572087,4096
34115.707047443575,4096
34215.75310916628,4096
34315.79917088899,4096
34415.8452326117,4096
34515.89129433441,4096
34615.93735605712,4096
34715.983417779826,4096
34816.02947950253,2048
34916.07554122524,4096
35016.12160294795,4096
35116.16766467066,4096
35216.21372639337,4096
35316.25978811608,4096
35416.30584983878,4096
35516.35191156149,2048
35616.3979732842,4096
35716.44403500691,4096
35816.49009672962,4096
35916.53615845233,4096
36016.582220175034,4096
36116.62828189774,4096
36216.67434362045,4096
36316.72040534316,4096
36416.76646706587,2048
36516.81252878858,4096
36616.858590511285,4096
36716.90465223399,4096
36816.9507139567,4096
36916.996775679414,4096
37017.04283740212,4096
37117.08889912483,4096
37217.134960847536,4096
37317.18102257024,4096
37417.22708429295,4096
37517.273146015665,4096
37617.31920773837,4096
37717.36526946108,4096
37817.41133118379,4096
37917.45739290649,4096
38017.5034546292,4096
38117.549516351915,4096
38217.59557807462,4096
38317.64163979733,4096
38417.68770152004,4096
38517.733763242744,4096
38617.77982496545,4096
38717.82588668816,4096
38817.87194841087,4096
38917.91801013358,4096
39017.96407185629,4096
39118.010133578995,4096
39218.0561953017,4096
39318.10225702441,4096
39418.148318747124,4096
39518.19438046983,4096
39618.24044219254,4096
39718.286503915246,4096
39818.33256563795,4096
39918.37862736066,4096
40018.424689083375,4096
40118.47075080608,4096
40218.51681252879,2048
40318.5628742515,4096
40418.6089359742,4096
40518.65499769691,4096
40618.701059419625,4096
40718.74712114233,4096
40818.79318286504,4096
40918.83924458775,4096
41018.885306310454,4096
41118.93136803316,4096
41218.977429755876,4096
41319.02349147858,4096
41419.06955320129,4096
41519.115614924,4096
41619.161676646705,4096
41719.20773836941,4096
41819.25380009213,4096
41919.299861814834,4096
42019.34592353754,4096
42119.39198526025,4096
42219.438046982956,4096
42319.48410870566,4096
42419.53017042838,4096
42519.576232151085,4096
42619.62229387379,4096
42719.6683555965,4096
42819.71441731921,4096
42919.760479041914,4096
43019.80654076463,4096
43119.852602487335,4096
43219.89866421004,4096
43319.94472593275,4096
43419.99078765546,4096
43520.036849378164,4096
43620.08291110088,4096
43720.128972823586,4096
43820.17503454629,4096
43920.221096269,4096
44020.26715799171,4096
44120.313219714415,4096
44220.35928143713,4096
44320.40534315984,4096
44420.451404882544,4096
44520.49746660525,4096
44620.54352832796,4096
44720.589590050666,4096
44820.63565177338,4096
44920.68171349609,4096
45020.727775218795,4096
45120.7738369415,4096
45220.81989866421,4096
45320.86596038692,4096
45420.912022109624,4096
45520.95808383234,4096
45621.004145555045,4096
45721.05020727775,4096
45821.09626900046,4096
45921.14233072317,4096
46021.188392445874,4096
46121.23445416859,4096
46221.280515891296,4096
46321.326577614,4096
46421.37263933671,4096
46521.41870105942,4096
46621.464762782125,4096
46721.51082450484,4096
46821.55688622755,4096
46921.602947950254,4096
47021.64900967296,4096
47121.69507139567,4096
47221.741133118376,4096
47321.78719484109,4096
47421.8332565638,4096
47521.879318286505,4096
47621.92538000921,4096
47721.97144173192,4096
47822.01750345463,4096
47922.06356517734,4096
48022.10962690005,4096
48122.155688622755,4096
48222.20175034546,4096
48322.24781206817,4096
48422.29387379088,4096
48522.33993551359,4096
48622.3859972363,4096
48722.432058959006,4096
48822.47812068171,4096
48922.52418240442,4096
49022.57024412713,4096
49122.61630584984,4096
49222.66236757255,4096
49322.70842929526,4096
49422.754491017964,4096
49522.80055274067,4096
49622.84661446338,4096
49722.89267618609,4096
49822.9387379088,4096
49922.98479963151,4096
50023.030861354215,4096
50123.07692307692,4096
50223.12298479963,4096
50323.169046522344,4096
50423.21510824505,4096
50523.26116996776,4096
50623.307231690465,4096
50723.35329341317,4096
50823.39935513588,4096
50923.445416858594,4096
51023.4914785813,4096
51123.53754030401,4096
51223.583602026716,4096
51323.62966374942,4096
51423.67572547213,4096
51523.72178719484,4096
51623.76784891755,4096
51723.81391064026,4096
51823.85997236297,4096
51923.906034085674,4096
52023.95209580838,4096
52123.99815753109,4096
52224.0442192538,4096
52324.09028097651,4096
52424.13634269922,4096
52524.182404421925,4096
52624.22846614463,4096
52724.27452786734,4096
52824.320589590054,4096
52924.36665131276,4096
53024.41271303547,4096
53124.458774758175,4096
53224.50483648088,4096
53324.55089820359,4096
53424.596959926304,4096
53524.64302164901,4096
53624.68908337172,4096
53724.735145094426,4096
53824.78120681713,4096
53924.82726853984,4096
54024.873330262555,4096
54124.91939198526,4096
54224.96545370797,4096
54325.01151543068,4096
54425.057577153384,4096
54525.10363887609,4096
54625.149700598806,4096
54725.19576232151,4096
54825.24182404422,4096
54925.28788576693,4096
55025.333947489635,4096
55125.38000921234,4096
55225.42607093506,4096
55325.472132657764,4096
55425.51819438047,4096
55525.56425610318,4096
55625.610317825885,4096
55725.65637954859,4096
55825.70244127131,4096
55925.748502994014,4096
56025.79456471672,4096
56125.84062643943,4096
56225.886688162136,4096
56325.93274988484,4096
56425.97881160756,4096
56526.024873330265,4096
56626.07093505297,4096
56726.11699677568,4096
56826.16305849839,4096
56926.209120221094,4096
57026.25518194381,4096
57126.301243666516,4096
57226.34730538922,4096
57326.39336711193,4096
57426.43942883464,4096
57526.485490557345,4096
57626.53155228005,4096
57726.57761400277,4096
57826.623675725474,4096
57926.66973744818,4096
58026.71579917089,4096
58126.761860893595,4096
58226.8079226163,4096
58326.85398433902,4096
58426.900046061724,4096
58526.94610778443,4096
58626.99216950714,4096
58727.038231229846,4096
58827.08429295255,4096
58927.13035467527,4096
59027.176416397975,4096
59127.22247812068,4096
59227.26853984339,4096
59327.3146015661,4096
59427.360663288804,4096
59527.40672501152,4096
59627.452786734226,4096
59727.49884845693,4096
59827.54491017964,4096
59927.59097190235,4096
60027.637033625055,4096
60127.68309534777,4096
60227.72915707048,4096
60327.775218793184,4096
60427.82128051589,4096
60527.8673422386,4096
60627.913403961305,4096
60727.95946568402,4096
60828.00552740673,4096
60928.051589129434,4096
61028.09765085214,4096
61128.14371257485,4096
61228.189774297556,4096
61328.23583602027,4096
61428.28189774298,4096
61528.327959465685,4096
61628.37402118839,4096
61728.4200829111,4096
61828.46614463381,4096
61928.51220635652,4096
62028.55826807923,4096
62128.604329801936,4096
62228.65039152464,4096
62328.69645324735,4096
62428.74251497006,4096
62528.78857669277,4096
62628.83463841548,4096
62728.88070013819,4096
62828.926761860894,4096
62928.9728235836,4096
63029.01888530631,4096
63129.06494702902,4096
63229.11100875173,4096
63329.15707047444,4096
63429.203132197144,4096
63529.24919391985,4096
63629.29525564256,4096
63729.34131736527,4096
63829.38737908798,4096
63929.43344081069,4096
64029.479502533395,4096
64129.5255642561,4096
64229.57162597881,4096
64329.61768770152,4096
64429.66374942423,4096
64529.70981114694,4096
64629.755872869646,4096
64729.80193459235,4096
64829.84799631506,4096
64929.89405803777,4096
65029.94011976048,4096
65129.98618148319,4096
65230.0322432059,4096
65330.078304928604,4096
65430.12436665131,4096
65530.17042837402,4096
65630.21649009673,4096
65730.26255181944,4096
65830.30861354215,4096
65930.35467526485,4096
66030.40073698756,4096
66130.44679871027,4096
66230.49286043298,4096
66330.53892215568,4096
66430.58498387839,4096
66530.63104560111,4096
66630.67710732382,4096
66730.72316904653,4096
66830.76923076923,4096
66930.81529249194,4096
67030.86135421465,4096
67130.90741593736,4096
67230.95347766006,4096
67330.99953938277,4096
67431.04560110548,4096
67531.09166282818,4096
67631.13772455089,4096
67731.18378627361,4096
67831.22984799632,4096
67931.27590971903,4096
68031.32197144174,4096
68131.36803316444,4096
68231.41409488715,4096
68331.46015660986,4096
68431.50621833256,4096
68531.55228005527,4096
68631.59834177798,4096
68731.64440350069,4096
68831.6904652234,4096
68931.73652694612,4096
69031.78258866882,4096
69131.82865039153,4096
69231.87471211424,4096
69331.92077383694,4096
69431.96683555965,4096
69532.01289728236,4096
69632.05895900507,4096
69732.10502072777,4096
69832.15108245048,4096
69932.19714417319,4096
70032.2432058959,4096
70132.28926761862,4096
70232.33532934132,4096
70332.38139106403,4096
70432.42745278674,4096
70532.47351450945,4096
70632.51957623215,4096
70732.56563795486,4096
70832.61169967757,4096
70932.65776140027,4096
71032.70382312298,4096
71132.74988484569,4096
71232.7959465684,4096
71332.8420082911,8192
71432.88807001383,4096
71532.93413173653,4096
71632.98019345924,4096
71733.02625518195,4096
71833.07231690465,4096
71933.11837862736,4096
72033.16444035007,4096
72133.21050207278,4096
72233.25656379548,4096
72333.30262551819,4096
72433.3486872409,4096
72533.3947489636,4096
72633.44081068633,4096
72733.48687240903,4096
72833.53293413174,4096
72933.57899585445,4096
73033.62505757716,4096
73133.67111929986,4096
73233.71718102257,4096
73333.76324274528,4096
73433.80930446798,4096
73533.85536619069,4096
73633.9014279134,4096
73733.9474896361,8192
73833.99355135883,4096
73934.03961308154,4096
74034.08567480424,4096
74134.13173652695,4096
74234.17779824966,4096
74334.22385997236,4096
74434.26992169507,4096
74534.31598341778,4096
74634.36204514049,4096
74734.4081068632,4096
74834.4541685859,4096
74934.50023030861,4096
75034.54629203133,4096
75134.59235375404,8192
75234.63841547674,4096
75334.68447719945,4096
75434.73053892216,4096
75534.77660064487,4096
75634.82266236757,4096
75734.86872409028,4096
75834.91478581299,4096
75934.9608475357,4096
76035.0069092584,4096
76135.05297098111,4096
76235.09903270383,4096
76335.14509442654,4096
76435.19115614925,4096
76535.23721787195,4096
76635.28327959466,4096
76735.32934131737,4096
76835.37540304007,4096
76935.42146476278,4096
77035.46752648549,4096
77135.5135882082,4096
77235.5596499309,4096
77335.60571165361,4096
77435.65177337632,4096
77535.69783509904,4096
77635.74389682175,4096
77735.78995854445,4096
77835.83602026716,4096
77935.88208198987,4096
78035.92814371258,4096
78135.97420543528,4096
78236.02026715799,4096
78336.0663288807,4096
78436.1123906034,4096
78536.15845232611,4096
78636.20451404882,4096
78736.25057577154,4096
78836.29663749425,4096
78936.34269921696,4096
79036.38876093966,4096
79136.43482266237,4096
79236.48088438508,4096
79336.52694610778,4096
79436.57300783049,4096
79536.6190695532,4096
79636.6651312759,4096
79736.71119299861,4096
79836.75725472132,4096
79936.80331644404,4096
80036.84937816675,4096
80136.89543988946,4096
80236.94150161216,4096
80336.98756333487,4096
80437.03362505758,4096
80537.07968678029,4096
80637.125748503,4096
80737.1718102257,4096
80837.2178719484,4096
80937.26393367111,4096
81037.30999539382,4096
81137.35605711654,8192
81237.40211883925,4096
81337.44818056196,4096
81437.49424228467,4096
81537.54030400737,4096
81637.58636573008,4096
81737.63242745279,4096
81837.6784891755,4096
81937.7245508982,4096
82037.77061262091,4096
82137.81667434362,4096
82237.86273606632,4096
82337.90879778904,4096
82437.95485951175,4096
82538.00092123446,4096
82638.04698295717,4096
82738.09304467987,4096
82838.13910640258,4096
82938.18516812529,4096
83038.231229848,4096
83138.2772915707,4096
83238.32335329341,4096
83338.36941501612,4096
83438.41547673882,4096
83538.46153846153,4096
83638.50760018425,4096
83738.55366190696,4096
83838.59972362967,4096
83938.64578535238,4096
84038.69184707508,4096
84138.73790879779,4096
84238.7839705205,4096
84338.8300322432,4096
84438.87609396591,4096
84538.92215568862,4096
84638.96821741133,4096
84739.01427913403,4096
84839.06034085675,4096
84939.10640257946,4096
85039.15246430217,4096
85139.19852602488,4096
85239.24458774758,4096
85339.29064947029,4096
85439.336711193,4096
85539.3827729157,4096
85639.42883463841,4096
85739.47489636112,4096
85839.52095808383,4096
85939.56701980653,4096
86039.61308152926,4096
86139.65914325196,4096
86239.70520497467,4096
86339.75126669738,4096
86439.79732842009,4096
86539.84339014279,4096
86639.8894518655,4096
86739.9355135882,4096
86839.98157531091,4096
86940.02763703362,4096
87040.07369875633,4096
87140.11976047904,4096
87240.16582220176,4096
87340.21188392446,4096
87440.25794564717,4096
87540.30400736988,4096
87640.35006909259,4096
87740.3961308153,4096
87840.442192538,4096
87940.48825426071,4096
88040.53431598342,4096
88140.58037770612,4096
88240.62643942883,4096
88340.67250115154,4096
88440.71856287426,4096
88540.76462459697,4096
88640.81068631967,4096
88740.85674804238,4096
88840.90280976509,4096
88940.9488714878,4096
89040.9949332105,4096
89141.04099493321,4096
89241.08705665592,4096
89341.13311837862,4096
89441.17918010133,4096
89541.22524182404,4096
89641.27130354676,4096
89741.31736526947,4096
89841.36342699217,4096
89941.40948871488,4096
90041.45555043759,4096
90141.5016121603,4096
90241.547673883,4096
90341.59373560571,4096
90441.63979732842,4096
90541.68585905113,4096
90641.73192077383,4096
90741.77798249654,4096
90841.82404421925,4096
90941.87010594197,4096
91041.91616766468,8192
91141.96222938738,4096
91242.00829111009,4096
91342.0543528328,8192
91442.1004145555,4096
91542.14647627821,4096
91642.19253800092,4096
91742.23859972363,4096
91842.28466144633,4096
91942.33072316904,4096
92042.37678489175,4096
92142.42284661447,4096
92242.46890833718,4096
92342.51497005988,4096
92442.56103178259,4096
92542.6070935053,4096
92642.653155228,4096
92742.69921695071,4096
92842.74527867342,4096
92942.79134039613,4096
93042.83740211884,4096
93142.88346384154,4096
93242.92952556425,4096
93342.97558728697,4096
93443.02164900968,4096
93543.06771073239,4096
93643.1137724551,4096
93743.1598341778,4096
93843.20589590051,4096
93943.25195762322,4096
94043.29801934592,4096
94143.34408106863,4096
94243.39014279134,4096
94343.43620451404,4096
94443.48226623675,4096
94543.52832795947,4096
94643.57438968218,4096
94743.62045140489,4096
94843.6665131276,4096
94943.7125748503,4096
95043.75863657301,4096
95143.80469829572,4096
95243.85076001842,4096
95343.89682174113,4096
95443.94288346384,4096
95543.98894518655,4096
95644.03500690925,4096
95744.08106863197,4096
95844.12713035468,8192
95944.17319207739,4096
96044.2192538001,4096
96144.2653155228,4096
96244.31137724551,4096
96344.35743896822,4096
96444.40350069093,4096
96544.44956241363,4096
96644.49562413634,4096
96744.54168585905,4096
96844.58774758175,8192
96944.63380930446,4096
97044.67987102718,4096
97144.72593274989,4096
97244.7719944726,4096
97344.8180561953,4096
97444.86411791801,4096
97544.91017964072,4096
97644.95624136343,8192
97745.00230308613,4096
97845.04836480884,4096
97945.09442653155,4096
98045.14048825426,4096
98145.18654997696,4096
98245.23261169968,8192
98345.27867342239,4096
98445.3247351451,4096
98545.3707968678,4096
98645.41685859051,4096
98745.46292031322,4096
98845.50898203593,4096
98945.55504375864,4096
99045.60110548134,4096
99145.64716720405,4096
99245.69322892676,4096
99345.73929064946,4096
99445.78535237219,4096
99545.8314140949,4096
99645.8774758176,4096
99745.92353754031,4096
99845.96959926301,4096
99946.01566098572,4096
100046.06172270843,4096
100146.10778443114,4096
100246.15384615384,4096
100346.19990787655,4096
100446.24596959926,4096
100546.29203132197,4096
100646.33809304469,4096
100746.3841547674,4096
100846.4302164901,4096
100946.47627821281,4096
101046.52233993552,4096
101146.56840165822,4096
101246.61446338093,4096
101346.66052510364,4096
101446.70658682635,4096
101546.75264854905,4096
101646.79871027176,4096
101746.84477199447,4096
101846.89083371719,4096
101946.9368954399,4096
102046.9829571626,4096
102147.02901888531,4096
102247.07508060802,8192
102347.12114233072,4096
102447.16720405343,4096
102547.21326577614,4096
102647.25932749885,4096
102747.30538922155,4096
102847.35145094426,4096
102947.39751266697,8192
103047.44357438968,4096
103147.4896361124,4096
103247.5356978351,8192
103347.58175955781,4096
103447.62782128052,4096
103547.67388300323,4096
103647.71994472593,4096
103747.76600644864,4096
103847.81206817135,8192
103947.85812989406,4096
104047.90419161676,4096
104147.95025333947,4096
104247.99631506218,4096
104348.0423767849,4096
104448.0884385076,4096
104548.13450023031,4096
104648.18056195302,4096
104748.22662367573,4096
104848.27268539843,4096
104948.31874712114,4096
105048.36480884385,4096
105148.41087056656,4096
105248.45693228926,4096
105348.50299401197,8192
105448.54905573468,4096
105548.5951174574,4096
105648.64117918011,4096
105748.68724090281,4096
105848.73330262552,4096
105948.77936434823,4096
106048.82542607094,4096
106148.87148779364,4096
106248.91754951635,4096
106348.96361123906,4096
106449.00967296177,4096
106549.05573468447,4096
106649.10179640718,4096
106749.1478581299,4096
106849.19391985261,4096
106949.23998157532,4096
107049.28604329802,4096
107149.33210502073,4096
107249.37816674344,4096
107349.42422846614,4096
107449.47029018885,4096
107549.51635191156,4096
107649.56241363427,4096
107749.60847535697,8192
107849.65453707968,4096
107949.7005988024,4096
108049.74666052511,4096
108149.79272224782,4096
108249.83878397052,4096
108349.88484569323,4096
108449.93090741594,8192
108549.97696913865,4096
108650.02303086135,8192
108750.06909258406,4096
108850.11515430677,4096
108950.16121602948,4096
109050.20727775218,4096
109150.25333947489,4096
109250.29940119761,4096
109350.34546292032,4096
109450.39152464303,4096
109550.43758636573,4096
109650.48364808844,4096
109750.52970981115,4096
109850.57577153386,4096
109950.62183325656,4096
110050.66789497927,4096
110150.71395670198,4096
110250.76001842468,4096
110350.80608014739,4096
110450.85214187011,4096
110550.89820359282,4096
110650.94426531553,8192
110750.99032703823,4096
110851.03638876094,4096
110951.08245048365,4096
111051.12851220636,4096
111151.17457392906,4096
111251.22063565177,4096
111351.26669737448,4096
111451.31275909719,4096
111551.35882081989,8192
111651.40488254261,4096
111751.45094426532,4096
111851.49700598803,4096
111951.54306771074,4096
112051.58912943344,4096
112151.63519115615,4096
112251.68125287886,8192
112351.72731460157,4096
112451.77337632427,4096
112551.81943804698,4096
112651.86549976969,4096
112751.9115614924,4096
112851.95762321512,4096
112952.00368493782,4096
113052.04974666053,4096
113152.09580838324,4096
113252.14187010594,4096
113352.18793182865,4096
113452.23399355136,4096
113552.28005527407,4096
113652.32611699677,4096
113752.37217871948,4096
113852.41824044219,4096
113952.4643021649,4096
114052.51036388762,4096
114152.55642561032,4096
114252.60248733303,8192
114352.64854905574,4096
114452.69461077845,4096
114552.74067250115,8192
114652.78673422386,4096
114752.83279594657,8192
114852.87885766928,4096
114952.92491939198,4096
115052.97098111469,4096
115153.0170428374,4096
115253.0631045601,4096
115353.10916628283,4096
115453.15522800553,4096
115553.20128972824,8192
115653.24735145095,8192
115753.29341317365,4096
115853.33947489636,8192
115953.38553661907,4096
116053.43159834178,4096
116153.47766006448,4096
116253.52372178719,8192
116353.5697835099,4096
116453.6158452326,4096
116553.66190695533,4096
116653.70796867803,4096
116753.75403040074,4096
116853.80009212345,4096
116953.84615384616,4096
117053.89221556886,8192
117153.93827729157,4096
117253.98433901428,8192
117354.03040073699,4096
117454.07646245969,4096
117554.1225241824,4096
117654.1685859051,4096
117754.21464762783,4096
117854.26070935054,4096
117954.30677107324,4096
118054.35283279595,4096
118154.39889451866,4096
118254.44495624136,4096
118354.49101796407,4096
118454.53707968678,8192
118554.58314140949,4096
118654.6292031322,4096
118754.6752648549,8192
118854.72132657761,8192
118954.76738830033,8192
119054.81345002304,4096
119154.85951174574,8192
119254.90557346845,4096
119354.95163519116,4096
119454.99769691387,4096
119555.04375863657,4096
119655.08982035928,4096
119755.13588208199,4096
119855.1819438047,4096
119955.2280055274,4096
120055.27406725011,4096
120155.32012897283,4096
120255.36619069554,8192
120355.41225241825,4096
120455.45831414095,4096
120555.50437586366,4096
120655.55043758637,4096
120755.59649930907,4096
120855.64256103178,4096
120955.68862275449,4096
121055.7346844772,4096
121155.7807461999,4096
121255.82680792261,4096
121355.87286964533,4096
121455.91893136804,4096
121555.96499309075,8192
121656.01105481345,4096
121756.05711653616,4096
121856.10317825887,8192
121956.14923998158,4096
122056.19530170428,4096
122156.24136342699,4096
122256.2874251497,4096
122356.3334868724,4096
122456.37954859511,4096
122556.42561031782,8192
122656.47167204054,4096
122756.51773376325,4096
122856.56379548596,8192
122956.60985720866,4096
123056.65591893137,4096
123156.70198065408,4096
123256.74804237678,4096
123356.79410409949,8192
123456.8401658222,4096
123556.8862275449,8192
123656.93228926761,4096
123756.97835099032,4096
123857.02441271304,4096
123957.07047443575,4096
124057.11653615846,4096
124157.16259788116,4096
124257.20865960387,8192
124357.25472132658,4096
124457.30078304929,4096
124557.346844772,4096
124657.3929064947,4096
124757.43896821741,4096
124857.48502994012,4096
124957.53109166282,4096
125057.57715338554,4096
125157.62321510825,8192
125257.66927683096,4096
125357.71533855367,4096
125457.76140027637,4096
125557.80746199908,8192
125657.85352372179,8192
125757.8995854445,4096
125857.9456471672,8192
125957.99170888991,8192
126058.03777061262,8192
126158.08383233532,8192
126258.12989405805,4096
126358.17595578075,4096
126458.22201750346,4096
126558.26807922617,8192
126658.31414094887,8192
126758.36020267158,4096
126858.40626439429,4096
126958.452326117,4096
127058.4983878397,4096
127158.54444956241,4096
127258.59051128512,8192
127358.63657300783,4096
127458.68263473055,4096
127558.72869645325,4096
127658.77475817596,4096
127758.82081989867,8192
127858.86688162138,4096
127958.91294334408,8192
128058.95900506679,4096
128159.0050667895,8192
128259.0511285122,4096
128359.09719023491,4096
128459.14325195762,4096
128559.18931368033,8192
128659.23537540303,4096
128759.28143712576,4096
128859.32749884846,4096
128959.37356057117,4096
129059.41962229388,4096
129159.46568401658,4096
129259.51174573929,4096
129359.557807462,4096
129459.6038691847,4096
129559.64993090741,4096
129659.69599263012,4096
129759.74205435283,4096
129859.78811607554,4096
129959.83417779826,4096
130059.88023952096,8192
130159.92630124367,4096
130259.97236296638,4096
130360.01842468909,8192
130460.0644864118,4096
130560.1105481345,4096
130660.15660985721,8192
130760.20267157991,4096
130860.24873330262,8192
130960.29479502533,4096
131060.34085674804,4096
131160.38691847076,8192
131260.43298019347,8192
131360.47904191617,4096
131460.52510363888,4096
131560.5711653616,8192
131660.6172270843,4096
131760.663288807,4096
131860.7093505297,4096
131960.75541225242,4096
132060.80147397512,4096
132160.84753569783,4096
132260.89359742054,4096
132360.93965914325,4096
132460.98572086595,4096
132561.03178258866,8192
132661.07784431137,8192
132761.12390603407,8192
132861.16996775678,8192
132961.21602947952,4096
133061.26209120222,8192
133161.30815292493,4096
133261.35421464764,4096
133361.40027637035,8192
133461.44633809305,4096
133561.49239981576,8192
133661.53846153847,4096
133761.58452326118,4096
133861.63058498388,4096
133961.6766467066,4096
134061.7227084293,4096
134161.768770152,4096
134261.8148318747,4096
134361.86089359742,4096
134461.90695532013,4096
134561.95301704283,4096
134661.99907876554,8192
134762.04514048825,4096
134862.09120221096,4096
134962.13726393366,4096
135062.18332565637,4096
135162.22938737908,4096
135262.27544910178,4096
135362.3215108245,4096
135462.36757254723,4096
135562.41363426993,4096
135662.45969599264,8192
135762.50575771535,4096
135862.55181943806,4096
135962.59788116076,4096
136062.64394288347,4096
136162.69000460618,8192
136262.7360663289,8192
136362.7821280516,4096
136462.8281897743,4096
136562.874251497,4096
136662.9203132197,8192
136762.96637494242,8192
136863.01243666513,4096
136963.05849838784,4096
137063.10456011054,4096
137163.15062183325,8192
137263.19668355596,4096
137363.24274527867,4096
137463.28880700137,4096
137563.33486872408,4096
137663.3809304468,4096
137763.4269921695,4096
137863.47305389223,4096
137963.51911561494,4096
138063.56517733764,4096
138163.61123906035,4096
138263.65730078306,4096
138363.70336250577,4096
138463.74942422847,4096
138563.79548595118,4096
138663.8415476739,8192
138763.8876093966,4096
138863.9336711193,8192
138963.979732842,4096
139064.02579456472,4096
139164.07185628742,4096
139264.11791801013,4096
139364.16397973284,8192
139464.21004145555,4096
139564.25610317825,8192
139664.30216490096,4096
139764.34822662367,4096
139864.39428834638,4096
139964.44035006908,4096
140064.4864117918,8192
140164.5324735145,4096
140264.57853523723,4096
140364.62459695994,8192
140464.67065868265,4096
140564.71672040535,8192
140664.76278212806,4096
140764.80884385077,4096
140864.85490557348,8192
140964.90096729618,4096
141064.9470290189,4096
141164.9930907416,4096
141265.0391524643,4096
141365.085214187,4096
141465.13127590972,4096
141565.17733763243,4096
141665.22339935513,4096
141765.26946107784,4096
141865.31552280055,4096
141965.36158452326,4096
142065.40764624596,8192
142165.45370796867,4096
142265.49976969138,4096
142365.54583141409,4096
142465.5918931368,4096
142565.6379548595,4096
142665.6840165822,8192
142765.73007830494,4096
142865.77614002765,4096
142965.82220175036,4096
143065.86826347306,4096
143165.91432519577,4096
143265.96038691848,4096
143366.0064486412,4096
143466.0525103639,4096
143566.0985720866,4096
143666.1446338093,4096
143766.19069553202,4096
143866.23675725472,4096
143966.28281897743,8192
144066.32888070014,4096
144166.37494242284,4096
144266.42100414555,4096
144366.46706586826,4096
144466.51312759097,4096
144566.55918931367,4096
144666.60525103638,4096
144766.6513127591,4096
144866.6973744818,4096
144966.7434362045,4096
145066.7894979272,4096
145166.83555964995,4096
145266.88162137265,8192
145366.92768309536,4096
145466.97374481807,8192
145567.01980654077,4096
145667.06586826348,4096
145767.1119299862,4096
145867.1579917089,4096
145967.2040534316,4096
146067.2501151543,4096
146167.29617687702,4096
146267.34223859973,4096
146367.38830032243,8192
146467.43436204514,4096
146567.48042376785,4096
146667.52648549055,8192
146767.57254721326,4096
146867.61860893597,4096
146967.66467065868,4096
147067.71073238138,8192
147167.7567941041,4096
147267.8028558268,4096
147367.8489175495,4096
147467.8949792722,8192
147567.94104099492,4096
147667.98710271766,4096
147768.03316444036,4096
147868.07922616307,8192
147968.12528788578,4096
148068.17134960848,4096
148168.2174113312,4096
148268.2634730539,4096
148368.3095347766,4096
148468.3555964993,4096
148568.40165822202,8192
148668.44771994473,8192
148768.49378166744,4096
148868.53984339014,4096
148968.58590511285,4096
149068.63196683556,4096
149168.67802855826,4096
149268.72409028097,4096
149368.77015200368,4096
149468.8162137264,4096
149568.8622754491,4096
149668.9083371718,4096
149768.9543988945,4096
149869.00046061722,4096
149969.04652233992,4096
150069.09258406266,8192
150169.13864578537,4096
150269.18470750807,4096
150369.23076923078,8192
150469.2768309535,4096
150569.3228926762,4096
150669.3689543989,4096
150769.4150161216,4096
150869.46107784432,4096
150969.50713956702,4096
151069.55320128973,4096
151169.59926301244,8192
151269.64532473515,4096
151369.69138645785,4096
151469.73744818056,4096
151569.78350990327,4096
151669.82957162597,4096
151769.87563334868,4096
151869.9216950714,4096
151969.9677567941,4096
152070.0138185168,4096
152170.0598802395,4096
152270.10594196222,4096
152370.15200368493,4096
152470.19806540766,4096
152570.24412713037,8192
152670.29018885308,4096
152770.33625057578,4096
152870.3823122985,4096
152970.4283740212,4096
153070.4744357439,4096
153170.5204974666,4096
153270.56655918932,8192
153370.61262091203,8192
153470.65868263473,4096
153570.70474435744,4096
153670.75080608015,4096
153770.79686780286,4096
153870.84292952556,8192
153970.88899124827,4096
154070.93505297098,4096
154170.98111469368,4096
154271.0271764164,4096
154371.0732381391,8192
154471.1192998618,4096
154571.1653615845,4096
154671.21142330722,4096
154771.25748502993,4096
154871.30354675264,4096
154971.34960847537,8192
155071.39567019808,8192
155171.4417319208,8192
155271.4877936435,4096
155371.5338553662,8192
155471.5799170889,4096
155571.62597881161,8192
155671.67204053432,4096
155771.71810225703,4096
155871.76416397974,4096
155971.81022570244,4096
156071.85628742515,4096
156171.90234914786,4096
156271.94841087057,4096
156371.99447259327,8192
156472.04053431598,4096
156572.0865960387,4096
156672.1326577614,4096
156772.1787194841,4096
156872.2247812068,4096
156972.27084292952,4096
157072.31690465222,4096
157172.36296637493,4096
157272.40902809764,8192
157372.45508982037,4096
157472.50115154308,4096
157572.5472132658,4096
157672.5932749885,8192
157772.6393367112,4096
157872.6853984339,4096
157972.73146015662,4096
158072.77752187932,4096
158172.82358360203,4096
158272.86964532474,8192
158372.91570704745,4096
158472.96176877015,4096
158573.00783049286,4096
158673.05389221557,4096
158773.09995393828,8192
158873.14601566098,4096
158973.1920773837,4096
159073.2381391064,8192
159173.2842008291,4096
159273.3302625518,4096
159373.37632427452,4096
159473.42238599723,4096
159573.46844771993,4096
159673.51450944264,4096
159773.56057116538,4096
159873.60663288808,4096
159973.6526946108,8192
160073.6987563335,4096
160173.7448180562,8192
160273.7908797789,4096
160373.83694150162,4096
160473.88300322433,4096
160573.92906494703,4096
160673.97512666974,4096
160774.02118839245,4096
160874.06725011516,4096
160974.11331183786,8192
161074.15937356057,4096
161174.20543528328,4096
161274.251497006,4096
161374.2975587287,4096
161474.3436204514,4096
161574.3896821741,8192
161674.4357438968,4096
161774.48180561952,8192
161874.52786734223,4096
161974.57392906494,4096
162074.61999078764,4096
162174.66605251035,4096
162274.7121142331,8192
162374.7581759558,4096
162474.8042376785,4096
162574.8502994012,4096
162674.89636112392,4096
162774.94242284662,4096
162874.98848456933,4096
162975.03454629204,4096
163075.08060801474,4096
163175.12666973745,8192
163275.17273146016,8192
163375.21879318287,4096
163475.26485490557,8192
163575.31091662828,8192
163675.356978351,4096
163775.4030400737,4096
163875.4491017964,4096
163975.4951635191,4096
164075.54122524182,4096
164175.58728696452,4096
164275.63334868723,4096
164375.67941040994,4096
164475.72547213265,4096
164575.77153385535,4096
164675.8175955781,4096
164775.8636573008,4096
164875.9097190235,8192
164975.9557807462,4096
165076.00184246892,4096
165176.04790419163,4096
165276.09396591433,8192
165376.14002763704,4096
165476.18608935975,4096
165576.23215108245,8192
165676.27821280516,8192
165776.32427452787,4096
165876.37033625058,4096
165976.41639797328,8192
166076.462459696,8192
166176.5085214187,8192
166276.5545831414,4096
166376.6006448641,8192
166476.64670658682,8192
166576.69276830953,4096
166676.73883003223,4096
166776.78489175494,4096
166876.83095347765,4096
166976.87701520036,4096
167076.92307692306,4096
167176.9691386458,4096
167277.0152003685,8192
167377.0612620912,4096
167477.10732381392,4096
167577.15338553663,4096
167677.19944725934,4096
167777.24550898204,4096
167877.29157070475,4096
167977.33763242746,4096
168077.38369415016,4096
168177.42975587287,4096
168277.47581759558,4096
168377.5218793183,4096
168477.567941041,4096
168577.6140027637,4096
168677.6600644864,8192
168777.70612620912,4096
168877.75218793182,4096
168977.79824965453,4096
169077.84431137724,8192
169177.89037309994,4096
169277.93643482265,8192
169377.98249654536,4096
169478.02855826807,8192
169578.0746199908,8192
169678.1206817135,8192
169778.16674343622,4096
169878.21280515892,4096
169978.25886688163,4096
170078.30492860434,4096
170178.35099032705,4096
170278.39705204975,8192
170378.44311377246,4096
170478.48917549517,4096
170578.53523721787,4096
170678.58129894058,4096
170778.6273606633,8192
170878.673422386,4096
170978.7194841087,4096
171078.7655458314,8192
171178.81160755412,4096
171278.85766927683,4096
171378.90373099953,8192
171478.94979272224,4096
171578.99585444495,4096
171679.04191616765,8192
171779.08797789036,4096
171879.13403961307,4096
171979.1801013358,8192
172079.2261630585,8192
172179.27222478122,4096
172279.31828650393,8192
172379.36434822663,8192
172479.41040994934,8192
172579.45647167205,8192
172679.50253339476,4096
172779.54859511746,4096
172879.59465684017,4096
172979.64071856288,8192
173079.68678028558,4096
173179.7328420083,4096
173279.778903731,4096
173379.8249654537,8192
173479.8710271764,4096
173579.91708889912,4096
173679.96315062183,4096
173780.00921234454,4096
173880.05527406724,8192
173980.10133578995,4096
174080.14739751266,8192
174180.19345923536,8192
174280.23952095807,4096
174380.28558268078,4096
174480.33164440352,8192
174580.37770612622,4096
174680.42376784893,4096
174780.46982957164,8192
174880.51589129434,4096
174980.56195301705,8192
175080.60801473976,4096
175180.65407646247,4096
175280.70013818517,8192
175380.74619990788,4096
175480.7922616306,4096
175580.8383233533,8192
175680.884385076,4096
175780.9304467987,8192
175880.97650852142,4096
175981.02257024412,4096
176081.06863196683,4096
176181.11469368954,4096
176281.16075541225,4096
176381.20681713495,4096
176481.25287885766,4096
176581.29894058037,4096
176681.34500230307,4096
176781.39106402578,4096
176881.43712574852,8192
176981.48318747123,4096
177081.52924919393,4096
177181.57531091664,4096
177281.62137263935,4096
177381.66743436205,4096
177481.71349608476,4096
177581.75955780747,4096
177681.80561953018,4096
177781.85168125288,8192
177881.8977429756,8192
177981.9438046983,4096
178081.989866421,4096
178182.0359281437,4096
178282.08198986642,8192
178382.12805158913,4096
178482.17411331183,4096
178582.22017503454,4096
178682.26623675725,8192
178782.31229847996,8192
178882.35836020266,4096
178982.40442192537,4096
179082.45048364808,4096
179182.49654537078,4096
179282.54260709352,4096
179382.58866881623,4096
179482.63473053894,8192
179582.68079226164,4096
179682.72685398435,4096
179782.77291570706,4096
179882.81897742976,4096
179982.86503915247,4096
180082.91110087518,4096
180182.9571625979,8192
180283.0032243206,4096
180383.0492860433,4096
180483.095347766,8192
180583.14140948871,4096
180683.18747121142,4096
180783.23353293413,4096
180883.27959465684,8192
180983.32565637954,8192
181083.37171810225,4096
181183.41777982496,4096
181283.46384154767,8192
181383.50990327037,8192
181483.55596499308,4096
181583.6020267158,8192
181683.6480884385,4096
181783.69415016123,8192
181883.74021188394,4096
181983.78627360665,4096
182083.83233532935,4096
182183.87839705206,4096
182283.92445877477,4096
182383.97052049747,8192
182484.01658222018,4096
182584.0626439429,4096
182684.1087056656,4096
182784.1547673883,8192
182884.200829111,4096
182984.24689083372,4096
183084.29295255643,8192
183184.33901427913,8192
183284.38507600184,4096
183384.43113772455,4096
183484.47719944725,4096
183584.52326116996,8192
183684.56932289267,8192
183784.61538461538,8192
183884.66144633808,8192
183984.7075080608,4096
184084.7535697835,8192
184184.79963150623,4096
184284.84569322894,4096
184384.89175495165,8192
184484.93781667436,8192
184584.98387839706,4096
184685.02994011977,4096
184785.07600184248,4096
184885.12206356518,4096
184985.1681252879,8192
185085.2141870106,8192
185185.2602487333,4096
185285.306310456,4096
185385.35237217872,4096
185485.39843390143,4096
185585.44449562414,8192
185685.49055734684,4096
185785.53661906955,4096
185885.58268079226,8192
185985.62874251496,4096
186085.67480423767,4096
186185.72086596038,8192
186285.7669276831,8192
186385.8129894058,4096
186485.8590511285,8192
186585.9051128512,4096
186685.95117457394,4096
186785.99723629665,4096
186886.04329801936,8192
186986.08935974207,4096
187086.13542146477,8192
187186.18148318748,4096
187286.2275449102,4096
187386.2736066329,4096
187486.3196683556,4096
187586.3657300783,4096
187686.41179180102,4096
187786.45785352372,4096
187886.50391524643,8192
187986.54997696914,4096
188086.59603869185,4096
188186.64210041455,4096
188286.68816213726,4096
188386.73422385997,8192
188486.78028558267,4096
188586.82634730538,4096
188686.8724090281,4096
188786.9184707508,4096
188886.9645324735,4096
188987.0105941962,4096
189087.05665591895,4096
189187.10271764165,4096
189287.14877936436,4096
189387.19484108707,4096
189487.24090280978,4096
189587.28696453248,8192
189687.3330262552,8192
189787.3790879779,8192
189887.4251497006,4096
189987.4712114233,4096
190087.51727314602,4096
190187.56333486873,8192
190287.60939659143,4096
190387.65545831414,4096
190487.70152003685,4096
190587.74758175956,4096
190687.79364348226,4096
190787.83970520497,8192
190887.88576692768,8192
190987.93182865038,8192
191087.9778903731,8192
191188.0239520958,8192
191288.0700138185,4096
191388.1160755412,8192
191488.16213726395,8192
191588.20819898666,4096
191688.25426070936,8192
191788.30032243207,4096
191888.34638415478,4096
191988.39244587749,4096
192088.4385076002,8192
192188.4845693229,4096
192288.5306310456,8192
192388.5766927683,4096
192488.62275449102,4096
192588.66881621373,4096
192688.71487793644,4096
192788.76093965914,4096
192888.80700138185,4096
192988.85306310456,4096
193088.89912482727,4096
193188.94518654997,4096
193288.99124827268,4096
193389.0373099954,8192
193489.0833717181,8192
193589.1294334408,4096
193689.1754951635,4096
193789.22155688622,4096
193889.26761860892,4096
193989.31368033166,8192
194089.35974205437,4096
194189.40580377707,8192
194289.45186549978,8192
194389.4979272225,8192
194489.5439889452,4096
194589.5900506679,4096
194689.6361123906,8192
194789.68217411332,8192
194889.72823583602,4096
194989.77429755873,4096
195089.82035928144,4096
195189.86642100415,4096
195289.91248272685,8192
195389.95854444956,4096
195490.00460617227,4096
195590.05066789498,4096
195690.09672961768,8192
195790.1427913404,8192
195890.1888530631,4096
195990.2349147858,4096
196090.2809765085,4096
196190.32703823122,4096
196290.37309995393,4096
196390.41916167666,4096
196490.46522339937,4096
196590.51128512208,8192
196690.55734684478,4096
196790.6034085675,4096
196890.6494702902,4096
196990.6955320129,8192
197090.7415937356,8192
197190.78765545832,4096
197290.83371718103,8192
197390.87977890373,4096
197490.92584062644,8192
197590.97190234915,4096
197691.01796407186,4096
197791.06402579456,4096
197891.11008751727,4096
197991.15614923998,4096
198091.20221096269,4096
198191.2482726854,4096
198291.2943344081,4096
198391.3403961308,4096
198491.3864578535,8192
198591.43251957622,8192
198691.47858129893,4096
198791.52464302164,8192
198891.57070474437,4096
198991.61676646708,4096
199091.6628281898,4096
199191.7088899125,4096
199291.7549516352,4096
199391.8010133579,4096
199491.84707508062,8192
199591.89313680332,4096
199691.93919852603,4096
199791.98526024874,8192
199892.03132197144,8192
199992.07738369415,4096
200092.12344541686,4096
200192.16950713957,4096
200292.21556886227,8192
200392.26163058498,8192
200492.3076923077,4096
200592.3537540304,8192
200692.3998157531,4096
200792.4458774758,4096
200892.49193919852,8192
200992.53800092122,8192
201092.58406264393,4096
201192.63012436664,8192
201292.67618608937,8192
201392.72224781208,4096
201492.7683095348,4096
201592.8143712575,4096
201692.8604329802,8192
201792.9064947029,8192
201892.95255642562,4096
201992.99861814833,4096
202093.04467987103,8192
202193.09074159374,4096
202293.13680331645,4096
202393.18286503915,4096
202493.22892676186,4096
202593.27498848457,4096
202693.32105020728,4096
202793.36711192998,4096
202893.4131736527,4096
202993.4592353754,4096
203093.5052970981,4096
203193.5513588208,4096
203293.59742054352,8192
203393.64348226623,4096
203493.68954398893,4096
203593.73560571164,4096
203693.78166743438,4096
203793.82772915708,8192
203893.8737908798,4096
203993.9198526025,4096
204093.9659143252,8192
204194.0119760479,8192
204294.05803777062,4096
204394.10409949333,4096
204494.15016121604,4096
204594.19622293874,4096
204694.24228466145,4096
204794.28834638416,4096
204894.33440810686,4096
204994.38046982957,8192
205094.42653155228,4096
205194.472593275,4096
205294.5186549977,4096
205394.5647167204,8192
205494.6107784431,4096
205594.65684016582,8192
205694.70290188852,4096
205794.74896361123,4096
205894.79502533394,8192
205994.84108705664,8192
206094.88714877935,8192
206194.9332105021,8192
206294.9792722248,4096
206395.0253339475,4096
206495.0713956702,8192
206595.11745739292,8192
206695.16351911562,4096
206795.20958083833,4096
206895.25564256104,4096
206995.30170428375,4096
207095.34776600645,4096
207195.39382772916,4096
207295.43988945187,8192
207395.48595117457,4096
207495.53201289728,4096
207595.57807462,4096
207695.6241363427,4096
207795.6701980654,8192
207895.7162597881,4096
207995.76232151082,8192
208095.80838323353,4096
208195.85444495623,4096
208295.90050667894,8192
208395.94656840165,4096
208495.99263012435,4096
208596.0386918471,4096
208696.0847535698,4096
208796.1308152925,4096
208896.1768770152,8192
208996.22293873792,4096
209096.26900046063,4096
209196.31506218333,4096
209296.36112390604,8192
209396.40718562875,4096
209496.45324735146,4096
209596.49930907416,4096
209696.54537079687,8192
209796.59143251958,4096
209896.63749424228,4096
209996.683555965,4096
210096.7296176877,4096
210196.7756794104,4096
210296.8217411331,4096
210396.86780285582,8192
210496.91386457853,4096
210596.95992630124,4096
210697.00598802394,4096
210797.05204974665,4096
210897.09811146936,4096
210997.1441731921,8192
211097.1902349148,8192
211197.2362966375,8192
211297.28235836021,8192
211397.32842008292,4096
211497.37448180563,4096
211597.42054352834,4096
211697.46660525104,8192
211797.51266697375,4096
211897.55872869646,8192
211997.60479041917,4096
212097.65085214187,4096
212197.69691386458,4096
212297.7429755873,4096
212397.78903731,8192
212497.8350990327,4096
212597.8811607554,4096
212697.92722247812,8192
212797.97328420082,4096
212898.01934592353,4096
212998.06540764624,4096
213098.11146936895,4096
213198.15753109165,4096
213298.20359281436,8192
213398.24965453707,4096
213498.2957162598,8192
213598.3417779825,4096
213698.38783970522,8192
213798.43390142792,8192
213898.47996315063,8192
213998.52602487334,4096
214098.57208659605,4096
214198.61814831875,4096
214298.66421004146,4096
214398.71027176417,8192
214498.75633348688,4096
214598.80239520958,8192
214698.8484569323,8192
214798.894518655,4096
214898.9405803777,4096
214998.9866421004,4096
215099.03270382312,4096
215199.07876554583,8192
215299.12482726853,8192
215399.17088899124,8192
215499.21695071395,4096
215599.26301243666,8192
215699.30907415936,4096
215799.35513588207,8192
215899.4011976048,8192
215999.4472593275,8192
216099.49332105022,4096
216199.53938277293,4096
216299.58544449563,4096
216399.63150621834,4096
216499.67756794105,8192
216599.72362966376,8192
216699.76969138646,8192
216799.81575310917,8192
216899.86181483188,8192
216999.9078765546,8192
217099.9539382773,8192
217200.0,4096
