games,Mean Max Tile
0.0,222.88
100.04606172270843,296.32
200.09212344541686,350.08
300.1381851681253,412.16
400.1842468908337,492.16
500.23030861354215,478.08
600.2763703362506,535.04
700.3224320589591,511.36
800.3684937816674,510.72
900.4145555043758,554.24
1000.4606172270843,611.84
1100.5066789497928,569.6
1200.5527406725012,579.84
1300.5988023952095,577.28
1400.6448641179181,601.6
1500.6909258406265,567.04
1600.7369875633349,632.32
1700.7830492860433,679.68
1800.8291110087516,614.4
1900.8751727314602,586.24
2000.9212344541686,670.72
2100.967296176877,716.8
2201.0133578995856,721.92
2301.0594196222937,686.08
2401.1054813450023,727.04
2501.151543067711,764.16
2601.197604790419,724.48
2701.2436665131277,769.28
2801.2897282358363,687.36
2901.3357899585444,737.28
3001.381851681253,725.76
3101.427913403961,720.64
3201.4739751266698,775.68
3301.5200368493784,765.44
3401.5660985720865,774.4
3501.612160294795,742.4
3601.6582220175032,747.52
3701.704283740212,715.52
3801.7503454629204,815.36
3901.7964071856286,785.92
4001.842468908337,875.52
4101.888530631046,798.72
4201.934592353754,823.04
4301.980654076462,814.08
4402.026715799171,760.32
4502.072777521879,796.16
4602.118839244587,872.96
4702.1649009672965,829.44
4802.210962690005,810.88
4902.257024412713,860.16
5002.303086135422,832.0
5102.34914785813,858.88
5202.395209580838,805.12
5302.441271303547,842.24
5402.487333026255,903.68
5502.5333947489635,844.8
5602.5794564716725,830.08
5702.625518194381,972.8
5802.671579917089,924.16
5902.717641639797,819.2
6002.763703362506,893.44
6102.809765085214,947.2
6202.855826807922,936.96
6302.901888530631,890.88
6402.9479502533395,934.4
6502.994011976048,965.12
6603.040073698757,957.44
6703.086135421465,995.84
6803.132197144173,929.28
6903.178258866882,967.68
7003.22432058959,947.2
7103.270382312298,1013.76
7203.3164440350065,962.56
7303.362505757716,1031.68
7403.408567480424,1044.48
7503.454629203132,1031.68
7603.500690925841,1034.24
7703.546752648549,1013.76
7803.592814371257,1024.0
7903.638876093966,1075.2
8003.684937816674,1096.96
8103.7309995393825,1021.44
8203.777061262092,1075.2
8303.823122984799,1031.68
8403.869184707508,1011.2
8503.915246430217,1063.68
8603.961308152924,1057.28
8704.007369875633,1105.92
8804.053431598342,1090.56
8904.09949332105,1093.12
9004.145555043759,1167.36
9104.191616766468,1103.36
9204.237678489175,1164.8
9304.283740211884,1054.72
9404.329801934593,1116.16
9504.3758636573,1182.72
9604.42192538001,1154.56
9704.467987102718,1111.04
9804.514048825426,1139.2
9904.560110548135,1160.96
10004.606172270844,1131.52
10104.65223399355,1149.44
10204.69829571626,1167.36
10304.744357438969,1146.88
10404.790419161676,1246.72
10504.836480884385,1105.92
10604.882542607094,1203.2
10704.928604329802,1146.88
10804.97466605251,1186.56
10905.02072777522,1251.84
11005.066789497927,1201.92
11105.112851220636,1259.52
11205.158912943345,1356.8
11305.204974666052,1218.56
11405.251036388761,1223.68
11505.297098111469,1204.48
11605.343159834178,1209.6
11705.389221556887,1262.08
11805.435283279594,1290.24
11905.481345002303,1285.12
12005.527406725012,1326.08
12105.57346844772,1359.36
12205.619530170428,1218.56
12305.665591893137,1256.96
12405.711653615845,1367.04
12505.757715338554,1361.92
12605.803777061263,1317.12
12705.84983878397,1408.0
12805.895900506679,1361.92
12905.941962229388,1301.12
13005.988023952095,1305.6
13106.034085674804,1344.0
13206.080147397513,1354.24
13306.12620912022,1378.56
13406.17227084293,1331.2
13506.218332565639,1342.72
13606.264394288346,1397.76
13706.310456011055,1408.0
13806.356517733764,1356.8
13906.402579456471,1379.84
14006.44864117918,1424.64
14106.49470290189,1305.6
14206.540764624597,1383.68
14306.586826347306,1464.32
14406.632888070013,1487.36
14506.678949792722,1500.16
14606.725011515431,1346.56
14706.771073238138,1408.0
14806.817134960847,1388.8
14906.863196683556,1474.56
15006.909258406264,1443.84
15106.955320128973,1461.76
15207.001381851682,1441.28
15307.047443574389,1448.96
15407.093505297098,1469.44
15507.139567019807,1561.6
15607.185628742514,1451.52
15707.231690465223,1431.04
15807.277752187932,1354.24
15907.32381391064,1507.84
16007.369875633349,1520.64
16107.415937356058,1512.96
16207.461999078765,1551.36
16307.508060801474,1443.84
16407.554122524183,1635.84
16507.60018424689,1392.64
16607.646245969598,1607.68
16707.69230769231,1548.8
16807.738369415016,1587.2
16907.784431137723,1528.32
17007.830492860434,1546.24
17107.87655458314,1525.76
17207.92261630585,1518.08
17307.96867802856,1500.16
17408.014739751266,1556.48
17508.060801473974,1561.6
17608.106863196685,1495.04
17708.15292491939,1607.68
17808.1989866421,1606.4
17908.24504836481,1628.16
18008.291110087517,1536.0
18108.337171810224,1574.4
18208.383233532935,1491.2
18308.429295255643,1699.84
18408.47535697835,1484.8
18508.52141870106,1582.08
18608.567480423768,1756.16
18708.613542146475,1653.76
18808.659603869186,1771.52
18908.705665591893,1648.64
19008.7517273146,1615.36
19108.79778903731,1776.64
19208.84385076002,1547.52
19308.889912482726,1518.08
19408.935974205437,1638.4
19508.982035928144,1687.04
19609.02809765085,1694.72
19709.074159373562,1665.28
19809.12022109627,1576.96
19909.166282818976,1702.4
20009.212344541687,1676.8
20109.258406264395,1730.56
20209.3044679871,1648.64
20309.350529709813,1559.04
20409.39659143252,1569.28
20509.442653155227,1633.28
20609.488714877938,1811.2
20709.534776600645,1776.64
20809.580838323353,1643.52
20909.626900046063,1694.72
21009.67296176877,1605.12
21109.719023491478,1582.08
21209.76508521419,1762.56
21309.811146936896,1605.12
21409.857208659603,1733.12
21509.903270382314,1692.16
21609.94933210502,1748.48
21709.99539382773,1715.2
21810.04145555044,1702.4
21910.087517273147,1728.0
22010.133578995854,1719.04
22110.179640718565,1633.28
22210.225702441272,1684.48
22310.27176416398,1676.8
22410.31782588669,1689.6
22510.363887609397,1671.68
22610.409949332105,1730.56
22710.456011054812,1651.2
22810.502072777523,1661.44
22910.54813450023,1802.24
23010.594196222937,1680.64
23110.640257945648,1735.68
23210.686319668355,1812.48
23310.732381391063,1696.0
23410.778443113773,1720.32
23510.82450483648,1676.8
23610.870566559188,1822.72
23710.9166282819,1735.68
23810.962690004606,1735.68
23911.008751727313,1671.68
24011.054813450024,1702.4
24111.10087517273,1664.0
24211.14693689544,1671.84
24311.19299861815,1689.6
24411.239060340857,1651.2
24511.285122063564,1792.0
24611.331183786275,1646.08
24711.377245508982,1722.88
24811.42330723169,1807.36
24911.4693689544,1809.92
25011.515430677107,1799.68
25111.561492399815,1751.04
25211.607554122525,1623.04
25311.653615845233,1717.76
25411.69967756794,1832.96
25511.74573929065,1745.92
25611.791801013358,1766.4
25711.837862736065,1694.72
25811.883924458776,1781.76
25911.929986181483,1697.28
26011.97604790419,1740.8
26112.0221096269,1628.16
26212.06817134961,1725.44
26312.114233072316,1664.0
26412.160294795027,1720.32
26512.206356517734,1761.28
26612.25241824044,1722.88
26712.298479963152,1725.44
26812.34454168586,1692.16
26912.390603408567,1661.44
27012.436665131278,1681.92
27112.482726853985,1784.32
27212.528788576692,1809.92
27312.574850299403,1825.28
27412.62091202211,1822.72
27512.666973744817,1768.96
27612.71303546753,1850.88
27712.759097190235,1706.24
27812.805158912943,1768.96
27912.851220635654,1802.24
28012.89728235836,1735.68
28112.943344081068,1623.04
28212.98940580378,1786.88
28313.035467526486,1729.28
28413.081529249193,1771.52
28513.127590971904,1745.92
28613.17365269461,1853.44
28713.21971441732,1751.04
28813.265776140026,1625.6
28913.311837862737,1745.92
29013.357899585444,1730.56
29113.40396130815,1720.32
29213.450023030862,1914.88
29313.49608475357,1771.52
29413.542146476277,1670.4
29513.588208198988,1802.24
29613.634269921695,1789.44
29713.680331644402,1850.88
29813.726393367113,1735.68
29913.77245508982,1720.32
30013.818516812527,1715.2
30113.86457853524,1797.12
30213.910640257945,1822.72
30313.956701980653,1671.68
30414.002763703364,1707.52
30514.04882542607,1866.24
30614.094887148778,1678.08
30714.14094887149,1697.28
30814.187010594196,1768.96
30914.233072316903,1768.96
31014.279134039614,1702.4
31114.32519576232,1797.12
31214.37125748503,1802.24
31314.41731920774,1766.4
31414.463380930447,1710.08
31514.509442653154,1858.56
31614.555504375865,1809.92
31714.601566098572,1751.04
31814.64762782128,1776.64
31914.69368954399,1786.88
32014.739751266698,1820.16
32114.785812989405,1806.08
32214.831874712116,1710.08
32314.877936434823,1792.0
32414.92399815753,1792.0
32514.97005988024,1692.16
32615.01612160295,1940.48
32715.062183325655,1853.44
32815.10824504837,1827.84
32915.15430677107,1758.72
33015.20036849378,1797.12
33115.24643021649,1699.84
33215.292491939195,1745.92
33315.33855366191,1863.68
33415.38461538462,1827.84
33515.430677107324,1822.72
33615.47673883003,1849.6
33715.52280055274,1710.08
33815.568862275446,1827.84
33915.61492399816,1743.36
34015.66098572087,1628.16
34115.707047443575,1881.6
34215.75310916628,1856.0
34315.79917088899,1722.88
34415.8452326117,1671.68
34515.89129433441,1876.48
34615.93735605712,1761.28
34715.983417779826,1848.32
34816.02947950253,1827.84
34916.07554122524,1899.52
35016.12160294795,1899.52
35116.16766467066,1853.44
35216.21372639337,1840.64
35316.25978811608,1827.84
35416.30584983878,1889.28
35516.35191156149,1785.6
35616.3979732842,1894.4
35716.44403500691,1866.24
35816.49009672962,1861.12
35916.53615845233,1820.16
36016.582220175034,1889.28
36116.62828189774,1953.28
36216.67434362045,1889.28
36316.72040534316,1799.68
36416.76646706587,1761.28
36516.81252878858,1789.44
36616.858590511285,1845.76
36716.90465223399,1894.4
36816.9507139567,1861.12
36916.996775679414,1945.6
37017.04283740212,1838.08
37117.08889912483,1958.4
37217.134960847536,1725.44
37317.18102257024,1830.4
37417.22708429295,1845.76
37517.273146015665,1771.52
37617.31920773837,1861.12
37717.36526946108,1794.56
37817.41133118379,1889.28
37917.45739290649,1797.12
38017.5034546292,1976.32
38117.549516351915,1850.88
38217.59557807462,1771.52
38317.64163979733,1884.16
38417.68770152004,1881.6
38517.733763242744,1704.96
38617.77982496545,1845.76
38717.82588668816,1899.52
38817.87194841087,1797.76
38917.91801013358,1838.08
39017.96407185629,1820.16
39118.010133578995,1822.72
39218.0561953017,1920.0
39318.10225702441,1804.8
39418.148318747124,1861.12
39518.19438046983,1715.2
39618.24044219254,1886.72
39718.286503915246,1930.24
39818.33256563795,1876.48
39918.37862736066,1886.72
40018.424689083375,1871.36
40118.47075080608,1894.4
40218.51681252879,1809.92
40318.5628742515,1817.6
40418.6089359742,1971.2
40518.65499769691,1930.24
40618.701059419625,1873.92
40718.74712114233,1930.24
40818.79318286504,1891.84
40918.83924458775,1768.96
41018.885306310454,1909.76
41118.93136803316,1822.72
41218.977429755876,1786.88
41319.02349147858,1997.44
41419.06955320129,1908.48
41519.115614924,1873.92
41619.161676646705,1884.16
41719.20773836941,1802.24
41819.25380009213,1852.16
41919.299861814834,1940.48
42019.34592353754,1960.96
42119.39198526025,1817.6
42219.438046982956,1879.04
42319.48410870566,1881.6
42419.53017042838,1853.44
42519.576232151085,1902.08
42619.62229387379,1884.16
42719.6683555965,2042.88
42819.71441731921,1789.44
42919.760479041914,1925.12
43019.80654076463,1964.8
43119.852602487335,1932.8
43219.89866421004,1856.0
43319.94472593275,1873.92
43419.99078765546,1856.0
43520.036849378164,1802.24
43620.08291110088,1937.92
43720.128972823586,1848.32
43820.17503454629,1797.12
43920.221096269,1807.36
44020.26715799171,1863.68
44120.313219714415,1815.04
44220.35928143713,1761.28
44320.40534315984,1884.16
44420.451404882544,1884.16
44520.49746660525,1955.84
44620.54352832796,1896.96
44720.589590050666,1945.6
44820.63565177338,1996.8
44920.68171349609,1776.64
45020.727775218795,1937.92
45120.7738369415,1935.36
45220.81989866421,1856.0
45320.86596038692,1904.64
45420.912022109624,1920.0
45520.95808383234,2004.48
45621.004145555045,1853.44
45721.05020727775,2042.88
45821.09626900046,1879.04
45921.14233072317,1807.36
46021.188392445874,1848.32
46121.23445416859,1940.48
46221.280515891296,1960.96
46321.326577614,1987.84
46421.37263933671,1981.44
46521.41870105942,1899.52
46621.464762782125,1876.48
46721.51082450484,1879.04
46821.55688622755,2007.04
46921.602947950254,1986.56
47021.64900967296,1820.16
47121.69507139567,1856.0
47221.741133118376,1920.0
47321.78719484109,1955.84
47421.8332565638,2013.44
47521.879318286505,1976.32
47621.92538000921,1967.36
47721.97144173192,1871.36
47822.01750345463,2007.04
47922.06356517734,1914.88
48022.10962690005,1930.24
48122.155688622755,2012.16
48222.20175034546,1971.2
48322.24781206817,1894.4
48422.29387379088,1971.2
48522.33993551359,2040.32
48622.3859972363,1816.32
48722.432058959006,2033.92
48822.47812068171,1940.48
48922.52418240442,1967.36
49022.57024412713,1932.8
49122.61630584984,1986.56
49222.66236757255,1859.84
49322.70842929526,1884.16
49422.754491017964,1955.84
49522.80055274067,1884.16
49622.84661446338,1976.32
49722.89267618609,1914.88
49822.9387379088,1971.2
49922.98479963151,1966.08
50023.030861354215,1950.72
50123.07692307692,1973.76
50223.12298479963,1827.84
50323.169046522344,1891.84
50423.21510824505,1981.44
50523.26116996776,2022.4
50623.307231690465,1868.8
50723.35329341317,1914.88
50823.39935513588,1976.32
50923.445416858594,1930.24
51023.4914785813,1853.44
51123.53754030401,1879.04
51223.583602026716,2017.28
51323.62966374942,2022.4
51423.67572547213,2055.68
51523.72178719484,1896.96
51623.76784891755,1966.08
51723.81391064026,1872.64
51823.85997236297,1884.16
51923.906034085674,1950.72
52023.95209580838,1907.2
52123.99815753109,1945.6
52224.0442192538,1940.48
52324.09028097651,1971.2
52424.13634269922,1909.76
52524.182404421925,1921.28
52624.22846614463,1994.24
52724.27452786734,2042.88
52824.320589590054,2001.92
52924.36665131276,1960.96
53024.41271303547,1981.44
53124.458774758175,2037.76
53224.50483648088,1882.88
53324.55089820359,1876.48
53424.596959926304,2165.76
53524.64302164901,1981.44
53624.68908337172,1909.76
53724.735145094426,1891.84
53824.78120681713,2032.64
53924.82726853984,1899.52
54024.873330262555,1976.32
54124.91939198526,1817.6
54224.96545370797,1799.68
54325.01151543068,1899.52
54425.057577153384,2007.04
54525.10363887609,1963.52
54625.149700598806,1940.48
54725.19576232151,2001.92
54825.24182404422,1932.8
54925.28788576693,1909.76
55025.333947489635,2012.16
55125.38000921234,1881.6
55225.42607093506,1971.2
55325.472132657764,2048.0
55425.51819438047,1898.24
55525.56425610318,2137.6
55625.610317825885,1920.0
55725.65637954859,1902.08
55825.70244127131,2035.2
55925.748502994014,2003.2
56025.79456471672,1966.08
56125.84062643943,2024.96
56225.886688162136,1986.56
56325.93274988484,2083.84
56425.97881160756,1945.6
56526.024873330265,2053.12
56626.07093505297,1955.84
56726.11699677568,2032.64
56826.16305849839,2182.4
56926.209120221094,1986.56
57026.25518194381,1830.4
57126.301243666516,2078.72
57226.34730538922,2155.52
57326.39336711193,1920.0
57426.43942883464,1950.72
57526.485490557345,1978.88
57626.53155228005,2016.0
57726.57761400277,2088.96
57826.623675725474,2109.44
57926.66973744818,1963.52
58026.71579917089,1960.96
58126.761860893595,2022.4
58226.8079226163,2091.52
58326.85398433902,2001.92
58426.900046061724,1971.2
58526.94610778443,1904.64
58626.99216950714,2048.0
58727.038231229846,1994.24
58827.08429295255,2017.28
58927.13035467527,2008.32
59027.176416397975,2017.28
59127.22247812068,2176.0
59227.26853984339,1848.32
59327.3146015661,2012.16
59427.360663288804,2124.8
59527.40672501152,1955.84
59627.452786734226,2083.84
59727.49884845693,2078.72
59827.54491017964,2007.04
59927.59097190235,1966.08
60027.637033625055,1960.96
60127.68309534777,2088.96
60227.72915707048,1884.16
60327.775218793184,2073.6
60427.82128051589,1904.64
60527.8673422386,2088.96
60627.913403961305,2000.64
60727.95946568402,2094.08
60828.00552740673,1925.12
60928.051589129434,1948.16
61028.09765085214,2142.72
61128.14371257485,2063.36
61228.189774297556,2053.12
61328.23583602027,2056.96
61428.28189774298,1999.36
61528.327959465685,2007.04
61628.37402118839,2129.92
61728.4200829111,1932.8
61828.46614463381,1932.8
61928.51220635652,2019.84
62028.55826807923,2099.2
62128.604329801936,2022.4
62228.65039152464,2040.32
62328.69645324735,2088.96
62428.74251497006,1981.44
62528.78857669277,2032.64
62628.83463841548,2170.88
62728.88070013819,2078.72
62828.926761860894,2096.64
62928.9728235836,2140.16
63029.01888530631,2211.84
63129.06494702902,2030.08
63229.11100875173,2082.56
63329.15707047444,2191.36
63429.203132197144,2140.16
63529.24919391985,1894.4
63629.29525564256,1976.32
63729.34131736527,2037.76
63829.38737908798,2063.36
63929.43344081069,2063.36
64029.479502533395,1958.4
64129.5255642561,2073.6
64229.57162597881,2115.84
64329.61768770152,2124.8
64429.66374942423,1926.4
64529.70981114694,1894.4
64629.755872869646,1960.96
64729.80193459235,2023.68
64829.84799631506,2114.56
64929.89405803777,2109.44
65029.94011976048,2096.64
65129.98618148319,2196.48
65230.0322432059,2129.92
65330.078304928604,2094.72
65430.12436665131,2099.2
65530.17042837402,1991.68
65630.21649009673,2119.68
65730.26255181944,2040.32
65830.30861354215,2081.28
65930.35467526485,2018.56
66030.40073698756,2078.72
66130.44679871027,2027.52
66230.49286043298,2181.12
66330.53892215568,2119.68
66430.58498387839,2122.24
66530.63104560111,2191.36
66630.67710732382,2017.28
66730.72316904653,2019.84
66830.76923076923,2035.2
66930.81529249194,2073.6
67030.86135421465,1950.72
67130.90741593736,2158.08
67230.95347766006,2104.32
67330.99953938277,2076.16
67431.04560110548,2017.28
67531.09166282818,2028.8
67631.13772455089,2401.28
67731.18378627361,2196.48
67831.22984799632,2017.28
67931.27590971903,2001.92
68031.32197144174,2237.44
68131.36803316444,2024.96
68231.41409488715,2104.32
68331.46015660986,2186.24
68431.50621833256,2150.4
68531.55228005527,2083.84
68631.59834177798,1973.76
68731.64440350069,2081.28
68831.6904652234,2068.48
68931.73652694612,2129.92
69031.78258866882,2027.52
69131.82865039153,2058.24
69231.87471211424,2106.88
69331.92077383694,2160.64
69431.96683555965,2001.92
69532.01289728236,2172.16
69632.05895900507,2081.28
69732.10502072777,2165.76
69832.15108245048,1986.56
69932.19714417319,2109.44
70032.2432058959,2099.2
70132.28926761862,2155.52
70232.33532934132,2040.32
70332.38139106403,2053.12
70432.42745278674,2181.12
70532.47351450945,2083.84
70632.51957623215,2004.48
70732.56563795486,2007.04
70832.61169967757,2106.88
70932.65776140027,2063.36
71032.70382312298,2202.88
71132.74988484569,2155.52
71232.7959465684,2136.32
71332.8420082911,2181.12
71432.88807001383,2032.64
71532.93413173653,2012.16
71632.98019345924,2165.76
71733.02625518195,2069.12
71833.07231690465,2119.68
71933.11837862736,2019.84
72033.16444035007,2167.04
72133.21050207278,2319.36
72233.25656379548,2104.32
72333.30262551819,2176.0
72433.3486872409,2073.6
72533.3947489636,2042.88
72633.44081068633,2037.76
72733.48687240903,2124.8
72833.53293413174,2119.68
72933.57899585445,2216.96
73033.62505757716,2017.28
73133.67111929986,2155.52
73233.71718102257,2019.84
73333.76324274528,2083.84
73433.80930446798,2094.08
73533.85536619069,2071.04
73633.9014279134,2110.72
73733.9474896361,2181.12
73833.99355135883,2119.68
73934.03961308154,2058.24
74034.08567480424,2053.12
74134.13173652695,2012.16
74234.17779824966,2191.36
74334.22385997236,1976.32
74434.26992169507,2058.24
74534.31598341778,2155.52
74634.36204514049,2078.72
74734.4081068632,2050.56
74834.4541685859,2137.6
74934.50023030861,2060.8
75034.54629203133,2155.52
75134.59235375404,2329.6
75234.63841547674,2176.0
75334.68447719945,2222.08
75434.73053892216,2296.32
75534.77660064487,2094.08
75634.82266236757,2278.4
75734.86872409028,2280.96
75834.91478581299,2193.92
75934.9608475357,2263.04
76035.0069092584,2086.4
76135.05297098111,2068.48
76235.09903270383,2048.0
76335.14509442654,2117.12
76435.19115614925,2165.76
76535.23721787195,2165.76
76635.28327959466,2188.8
76735.32934131737,2270.72
76835.37540304007,2170.88
76935.42146476278,2201.6
77035.46752648549,2101.76
77135.5135882082,2232.32
77235.5596499309,2150.4
77335.60571165361,2014.72
77435.65177337632,2114.56
77535.69783509904,1984.0
77635.74389682175,2033.92
77735.78995854445,2137.6
77835.83602026716,2091.52
77935.88208198987,2106.88
78035.92814371258,2112.0
78135.97420543528,2283.52
78236.02026715799,2115.84
78336.0663288807,1991.68
78436.1123906034,2196.48
78536.15845232611,2188.8
78636.20451404882,2114.56
78736.25057577154,2055.68
78836.29663749425,2147.84
78936.34269921696,2104.32
79036.38876093966,2032.64
79136.43482266237,2206.72
79236.48088438508,2204.16
79336.52694610778,2147.84
79436.57300783049,2068.48
79536.6190695532,2252.8
79636.6651312759,2045.44
79736.71119299861,2165.76
79836.75725472132,2106.88
79936.80331644404,2083.84
80036.84937816675,2350.08
80136.89543988946,2104.32
80236.94150161216,2344.96
80336.98756333487,2206.72
80437.03362505758,2284.8
80537.07968678029,2152.96
80637.125748503,2191.36
80737.1718102257,2237.44
80837.2178719484,2314.24
80937.26393367111,2204.16
81037.30999539382,2119.68
81137.35605711654,2158.08
81237.40211883925,2106.88
81337.44818056196,2140.16
81437.49424228467,2063.36
81537.54030400737,2227.2
81637.58636573008,2053.12
81737.63242745279,2181.12
81837.6784891755,2298.88
81937.7245508982,2231.04
82037.77061262091,2268.16
82137.81667434362,2181.12
82237.86273606632,2204.16
82337.90879778904,2242.56
82437.95485951175,2088.96
82538.00092123446,2073.6
82638.04698295717,2152.96
82738.09304467987,2508.8
82838.13910640258,2273.28
82938.18516812529,2283.52
83038.231229848,2178.56
83138.2772915707,2278.4
83238.32335329341,2216.96
83338.36941501612,2191.36
83438.41547673882,2073.6
83538.46153846153,2145.28
83638.50760018425,2424.32
83738.55366190696,2263.04
83838.59972362967,2071.04
83938.64578535238,2263.04
84038.69184707508,2252.8
84138.73790879779,2119.68
84238.7839705205,2160.64
84338.8300322432,2114.56
84438.87609396591,2222.08
84538.92215568862,2096.64
84638.96821741133,2209.28
84739.01427913403,2073.6
84839.06034085675,2232.32
84939.10640257946,2324.48
85039.15246430217,2257.92
85139.19852602488,2250.24
85239.24458774758,2040.32
85339.29064947029,2124.8
85439.336711193,2142.72
85539.3827729157,2247.68
85639.42883463841,2278.4
85739.47489636112,2370.56
85839.52095808383,2119.68
85939.56701980653,2160.64
86039.61308152926,2109.44
86139.65914325196,2365.44
86239.70520497467,2237.44
86339.75126669738,2173.44
86439.79732842009,2421.76
86539.84339014279,2083.84
86639.8894518655,1991.68
86739.9355135882,2344.96
86839.98157531091,2373.12
86940.02763703362,2186.24
87040.07369875633,2273.28
87140.11976047904,2117.12
87240.16582220176,2273.28
87340.21188392446,2222.08
87440.25794564717,2321.92
87540.30400736988,2421.76
87640.35006909259,2472.96
87740.3961308153,2247.68
87840.442192538,2247.68
87940.48825426071,2211.84
88040.53431598342,2252.8
88140.58037770612,2355.2
88240.62643942883,2055.68
88340.67250115154,2222.08
88440.71856287426,2380.8
88540.76462459697,2237.44
88640.81068631967,2119.68
88740.85674804238,2296.32
88840.90280976509,2283.52
88940.9488714878,2434.56
89040.9949332105,2252.8
89141.04099493321,2370.56
89241.08705665592,2304.0
89341.13311837862,2306.56
89441.17918010133,2342.4
89541.22524182404,2222.08
89641.27130354676,2263.04
89741.31736526947,2286.08
89841.36342699217,2209.28
89941.40948871488,2263.04
90041.45555043759,2393.6
90141.5016121603,2309.12
90241.547673883,2237.44
90341.59373560571,2204.16
90441.63979732842,2350.08
90541.68585905113,2321.92
90641.73192077383,2452.48
90741.77798249654,2257.92
90841.82404421925,2398.72
90941.87010594197,2385.92
91041.91616766468,2554.88
91141.96222938738,2255.36
91242.00829111009,2426.88
91342.0543528328,2237.44
91442.1004145555,2385.92
91542.14647627821,2370.56
91642.19253800092,2227.2
91742.23859972363,2344.96
91842.28466144633,2380.8
91942.33072316904,2206.72
92042.37678489175,2339.84
92142.42284661447,2145.28
92242.46890833718,2452.48
92342.51497005988,2375.68
92442.56103178259,2258.56
92542.6070935053,2432.0
92642.653155228,2255.36
92742.69921695071,2380.8
92842.74527867342,2216.96
92942.79134039613,2385.92
93042.83740211884,2398.72
93142.88346384154,2321.92
93242.92952556425,2176.0
93342.97558728697,2355.2
93443.02164900968,2268.16
93543.06771073239,2339.84
93643.1137724551,2366.72
93743.1598341778,2117.12
93843.20589590051,2362.88
93943.25195762322,2357.76
94043.29801934592,2288.64
94143.34408106863,2232.32
94243.39014279134,2263.04
94343.43620451404,2370.56
94443.48226623675,2319.36
94543.52832795947,2365.44
94643.57438968218,2334.72
94743.62045140489,2360.32
94843.6665131276,2129.92
94943.7125748503,2286.08
95043.75863657301,2324.48
95143.80469829572,2248.96
95243.85076001842,2147.84
95343.89682174113,2237.44
95443.94288346384,2442.24
95543.98894518655,2475.52
95644.03500690925,2337.28
95744.08106863197,2237.44
95844.12713035468,2408.96
95944.17319207739,2301.44
96044.2192538001,2329.6
96144.2653155228,2565.12
96244.31137724551,2355.2
96344.35743896822,2324.48
96444.40350069093,2204.16
96544.44956241363,2314.24
96644.49562413634,2442.24
96744.54168585905,2432.0
96844.58774758175,2352.64
96944.63380930446,2332.16
97044.67987102718,2304.0
97144.72593274989,2536.96
97244.7719944726,2475.52
97344.8180561953,2539.52
97444.86411791801,2493.44
97544.91017964072,2391.04
97644.95624136343,2411.52
97745.00230308613,2309.12
97845.04836480884,2398.72
97945.09442653155,2385.92
98045.14048825426,2222.08
98145.18654997696,2314.24
98245.23261169968,2626.56
98345.27867342239,2483.2
98445.3247351451,2257.92
98545.3707968678,2360.32
98645.41685859051,2411.52
98745.46292031322,2531.84
98845.50898203593,2206.72
98945.55504375864,2334.72
99045.60110548134,2378.24
99145.64716720405,2480.64
99245.69322892676,2580.48
99345.73929064946,2547.2
99445.78535237219,2411.52
99545.8314140949,2544.64
99645.8774758176,2647.04
99745.92353754031,2483.2
99845.96959926301,2567.68
99946.01566098572,2581.76
100046.06172270843,2513.92
100146.10778443114,2224.64
100246.15384615384,2447.36
100346.19990787655,2524.16
100446.24596959926,2370.56
100546.29203132197,2480.64
100646.33809304469,2315.52
100746.3841547674,2585.6
100846.4302164901,2524.16
100946.47627821281,2580.48
101046.52233993552,2554.88
101146.56840165822,2662.4
101246.61446338093,2474.24
101346.66052510364,2567.68
101446.70658682635,2401.28
101546.75264854905,2360.32
101646.79871027176,2315.52
101746.84477199447,2293.76
101846.89083371719,2401.28
101946.9368954399,2519.04
102046.9829571626,2414.08
102147.02901888531,2590.72
102247.07508060802,2567.68
102347.12114233072,2309.12
102447.16720405343,2458.88
102547.21326577614,2644.48
102647.25932749885,2600.96
102747.30538922155,2462.72
102847.35145094426,2549.76
102947.39751266697,2531.84
103047.44357438968,2439.68
103147.4896361124,2414.08
103247.5356978351,2577.92
103347.58175955781,2403.84
103447.62782128052,2624.0
103547.67388300323,2475.52
103647.71994472593,2524.16
103747.76600644864,2306.56
103847.81206817135,2498.56
103947.85812989406,2411.52
104047.90419161676,2529.28
104147.95025333947,2560.0
104247.99631506218,2565.12
104348.0423767849,2606.08
104448.0884385076,2647.04
104548.13450023031,2570.24
104648.18056195302,2600.96
104748.22662367573,2667.52
104848.27268539843,2872.32
104948.31874712114,2460.16
105048.36480884385,2606.08
105148.41087056656,2483.2
105248.45693228926,2519.04
105348.50299401197,2480.64
105448.54905573468,2478.08
105548.5951174574,2442.24
105648.64117918011,2589.44
105748.68724090281,2567.68
105848.73330262552,2677.76
105948.77936434823,2713.6
106048.82542607094,2565.12
106148.87148779364,2511.36
106248.91754951635,2616.32
106348.96361123906,2519.04
106449.00967296177,2626.56
106549.05573468447,2421.76
106649.10179640718,2598.4
106749.1478581299,2821.12
106849.19391985261,2467.84
106949.23998157532,2580.48
107049.28604329802,2511.36
107149.33210502073,2608.64
107249.37816674344,2560.0
107349.42422846614,2513.92
107449.47029018885,2437.12
107549.51635191156,2741.76
107649.56241363427,2652.16
107749.60847535697,2529.28
107849.65453707968,2455.04
107949.7005988024,2437.12
108049.74666052511,2547.2
108149.79272224782,2667.52
108249.83878397052,2716.16
108349.88484569323,2723.84
108449.93090741594,2618.88
108549.97696913865,2565.12
108650.02303086135,2560.0
108750.06909258406,2613.76
108850.11515430677,2447.36
108950.16121602948,2522.24
109050.20727775218,2708.48
109150.25333947489,2536.96
109250.29940119761,2519.04
109350.34546292032,2703.36
109450.39152464303,2882.56
109550.43758636573,2593.28
109650.48364808844,2437.12
109750.52970981115,2457.6
109850.57577153386,2488.32
109950.62183325656,2713.6
110050.66789497927,2470.4
110150.71395670198,2780.16
110250.76001842468,2672.64
110350.80608014739,2435.84
110450.85214187011,2785.28
110550.89820359282,2498.56
110650.94426531553,2739.2
110750.99032703823,2567.68
110851.03638876094,2677.76
110951.08245048365,2437.12
111051.12851220636,2631.68
111151.17457392906,2631.68
111251.22063565177,2508.8
111351.26669737448,2621.44
111451.31275909719,2539.52
111551.35882081989,2549.76
111651.40488254261,2728.96
111751.45094426532,2673.92
111851.49700598803,2606.08
111951.54306771074,2841.6
112051.58912943344,2726.4
112151.63519115615,2624.0
112251.68125287886,2904.32
112351.72731460157,2767.36
112451.77337632427,2775.04
112551.81943804698,2836.48
112651.86549976969,2682.88
112751.9115614924,2624.0
112851.95762321512,2670.08
112952.00368493782,2931.2
113052.04974666053,2754.56
113152.09580838324,2634.24
113252.14187010594,2690.56
113352.18793182865,2682.88
113452.23399355136,2498.56
113552.28005527407,2580.48
113652.32611699677,2519.04
113752.37217871948,2498.56
113852.41824044219,2636.8
113952.4643021649,2595.84
114052.51036388762,2785.28
114152.55642561032,2682.88
114252.60248733303,2682.88
114352.64854905574,2647.04
114452.69461077845,2659.84
114552.74067250115,2800.64
114652.78673422386,2613.76
114752.83279594657,2796.8
114852.87885766928,2565.12
114952.92491939198,2613.76
115052.97098111469,2575.36
115153.0170428374,2836.48
115253.0631045601,2554.88
115353.10916628283,2565.12
115453.15522800553,2808.32
115553.20128972824,2744.32
115653.24735145095,2677.76
115753.29341317365,2826.24
115853.33947489636,2672.64
115953.38553661907,2631.68
116053.43159834178,2600.96
116153.47766006448,2649.6
116253.52372178719,2856.96
116353.5697835099,2757.12
116453.6158452326,2708.48
116553.66190695533,2621.44
116653.70796867803,2639.36
116753.75403040074,2867.2
116853.80009212345,2652.16
116953.84615384616,2705.92
117053.89221556886,3056.64
117153.93827729157,2777.6
117253.98433901428,2652.16
117354.03040073699,2821.12
117454.07646245969,2705.92
117554.1225241824,2874.88
117654.1685859051,2361.6
117754.21464762783,2709.76
117854.26070935054,2713.6
117954.30677107324,2654.72
118054.35283279595,2616.32
118154.39889451866,2539.52
118254.44495624136,2716.16
118354.49101796407,2790.4
118454.53707968678,2795.52
118554.58314140949,2892.8
118654.6292031322,2680.32
118754.6752648549,2764.8
118854.72132657761,2713.6
118954.76738830033,2752.0
119054.81345002304,2846.72
119154.85951174574,2700.8
119254.90557346845,2677.76
119354.95163519116,2775.04
119454.99769691387,2641.92
119555.04375863657,2739.2
119655.08982035928,2595.84
119755.13588208199,2746.88
119855.1819438047,2626.56
119955.2280055274,2775.04
120055.27406725011,2856.96
120155.32012897283,2803.2
120255.36619069554,2833.92
120355.41225241825,2900.48
120455.45831414095,2813.44
120555.50437586366,2685.44
120655.55043758637,2800.64
120755.59649930907,2588.16
120855.64256103178,2805.76
120955.68862275449,2631.68
121055.7346844772,2841.6
121155.7807461999,2803.2
121255.82680792261,2862.08
121355.87286964533,2764.8
121455.91893136804,2685.44
121555.96499309075,2821.12
121656.01105481345,2894.08
121756.05711653616,2918.4
121856.10317825887,2603.52
121956.14923998158,2708.48
122056.19530170428,2699.52
122156.24136342699,2780.16
122256.2874251497,2593.28
122356.3334868724,2652.16
122456.37954859511,2931.2
122556.42561031782,2821.12
122656.47167204054,2800.64
122756.51773376325,2803.2
122856.56379548596,2910.72
122956.60985720866,2913.28
123056.65591893137,2572.8
123156.70198065408,2846.72
123256.74804237678,2611.2
123356.79410409949,2900.48
123456.8401658222,2782.72
123556.8862275449,2841.6
123656.93228926761,2739.2
123756.97835099032,2519.04
123857.02441271304,2728.96
123957.07047443575,2805.76
124057.11653615846,2803.2
124157.16259788116,2718.72
124257.20865960387,2805.76
124357.25472132658,2698.24
124457.30078304929,2882.56
124557.346844772,3036.16
124657.3929064947,2542.08
124757.43896821741,2511.36
124857.48502994012,2714.24
124957.53109166282,2798.08
125057.57715338554,2782.72
125157.62321510825,2874.88
125257.66927683096,2611.2
125357.71533855367,2841.6
125457.76140027637,2805.76
125557.80746199908,2836.48
125657.85352372179,2789.12
125757.8995854445,2844.16
125857.9456471672,2913.28
125957.99170888991,2977.28
126058.03777061262,2812.16
126158.08383233532,2874.88
126258.12989405805,2941.44
126358.17595578075,2762.24
126458.22201750346,2728.96
126558.26807922617,2675.2
126658.31414094887,2769.92
126758.36020267158,2644.48
126858.40626439429,2900.48
126958.452326117,2862.08
127058.4983878397,2903.36
127158.54444956241,3046.4
127258.59051128512,2831.36
127358.63657300783,2796.8
127458.68263473055,2741.76
127558.72869645325,2823.68
127658.77475817596,2947.84
127758.82081989867,2903.04
127858.86688162138,2693.12
127958.91294334408,2754.56
128058.95900506679,2747.52
128159.0050667895,2708.48
128259.0511285122,2720.0
128359.09719023491,2800.64
128459.14325195762,2831.36
128559.18931368033,2949.12
128659.23537540303,2831.36
128759.28143712576,2872.32
128859.32749884846,2787.84
128959.37356057117,2938.88
129059.41962229388,2754.56
129159.46568401658,2872.32
129259.51174573929,2969.6
129359.557807462,2851.84
129459.6038691847,2913.28
129559.64993090741,2913.28
129659.69599263012,2657.28
129759.74205435283,2813.44
129859.78811607554,2818.56
129959.83417779826,2769.92
130059.88023952096,2872.32
130159.92630124367,3025.92
130259.97236296638,2754.56
130360.01842468909,2982.4
130460.0644864118,2639.36
130560.1105481345,2639.36
130660.15660985721,2752.0
130760.20267157991,2835.2
130860.24873330262,3056.64
130960.29479502533,2728.96
131060.34085674804,2657.28
131160.38691847076,2785.28
131260.43298019347,3082.24
131360.47904191617,2723.84
131460.52510363888,2677.76
131560.5711653616,3174.4
131660.6172270843,3031.04
131760.663288807,3066.88
131860.7093505297,3159.04
131960.75541225242,2767.36
132060.80147397512,2767.36
132160.84753569783,2961.92
132260.89359742054,2723.84
132360.93965914325,2777.6
132460.98572086595,2800.64
132561.03178258866,2882.56
132661.07784431137,2785.28
132761.12390603407,2708.48
132861.16996775678,3025.92
132961.21602947952,2767.36
133061.26209120222,3018.24
133161.30815292493,2777.6
133261.35421464764,2734.08
133361.40027637035,2513.92
133461.44633809305,2731.52
133561.49239981576,2763.52
133661.53846153847,2672.64
133761.58452326118,2721.28
133861.63058498388,2816.0
133961.6766467066,2708.48
134061.7227084293,2734.08
134161.768770152,3031.04
134261.8148318747,2903.04
134361.86089359742,2728.96
134461.90695532013,2757.12
134561.95301704283,2795.52
134661.99907876554,2941.44
134762.04514048825,2775.04
134862.09120221096,2723.84
134962.13726393366,2831.36
135062.18332565637,2775.04
135162.22938737908,2636.8
135262.27544910178,3020.8
135362.3215108245,2890.24
135462.36757254723,2803.2
135562.41363426993,3082.24
135662.45969599264,2785.28
135762.50575771535,2903.04
135862.55181943806,2792.96
135962.59788116076,2754.56
136062.64394288347,2703.36
136162.69000460618,3046.4
136262.7360663289,3105.28
136362.7821280516,2777.6
136462.8281897743,3061.76
136562.874251497,2910.72
136662.9203132197,2979.84
136762.96637494242,3002.88
136863.01243666513,2705.92
136963.05849838784,2846.72
137063.10456011054,2892.8
137163.15062183325,2810.88
137263.19668355596,2826.24
137363.24274527867,3061.76
137463.28880700137,2923.52
137563.33486872408,2862.08
137663.3809304468,2790.4
137763.4269921695,2938.88
137863.47305389223,2744.32
137963.51911561494,3051.52
138063.56517733764,3077.12
138163.61123906035,2769.92
138263.65730078306,2874.88
138363.70336250577,3033.6
138463.74942422847,2880.0
138563.79548595118,2711.04
138663.8415476739,2795.52
138763.8876093966,2813.44
138863.9336711193,2775.04
138963.979732842,2841.6
139064.02579456472,2885.12
139164.07185628742,2836.48
139264.11791801013,2762.24
139364.16397973284,3061.76
139464.21004145555,2777.6
139564.25610317825,3079.68
139664.30216490096,2995.2
139764.34822662367,2928.64
139864.39428834638,2908.16
139964.44035006908,2856.96
140064.4864117918,2987.52
140164.5324735145,2918.4
140264.57853523723,2903.04
140364.62459695994,2867.2
140464.67065868265,2961.92
140564.71672040535,2705.92
140664.76278212806,2964.48
140764.80884385077,2764.8
140864.85490557348,3123.2
140964.90096729618,2856.96
141064.9470290189,2969.6
141164.9930907416,2841.6
141265.0391524643,2892.8
141365.085214187,2836.48
141465.13127590972,3008.0
141565.17733763243,3189.76
141665.22339935513,2897.92
141765.26946107784,2741.76
141865.31552280055,2928.64
141965.36158452326,2859.52
142065.40764624596,2905.6
142165.45370796867,3210.24
142265.49976969138,2549.76
142365.54583141409,3031.04
142465.5918931368,3023.36
142565.6379548595,2754.56
142665.6840165822,2979.84
142765.73007830494,2877.44
142865.77614002765,2974.72
142965.82220175036,2967.04
143065.86826347306,3123.2
143165.91432519577,2849.28
143265.96038691848,2867.2
143366.0064486412,2882.56
143466.0525103639,2949.12
143566.0985720866,2897.92
143666.1446338093,2990.08
143766.19069553202,2844.16
143866.23675725472,2972.16
143966.28281897743,3184.64
144066.32888070014,2816.0
144166.37494242284,2984.96
144266.42100414555,3107.84
144366.46706586826,3042.56
144466.51312759097,2800.64
144566.55918931367,3025.92
144666.60525103638,2839.04
144766.6513127591,2631.68
144866.6973744818,3041.28
144966.7434362045,2984.96
145066.7894979272,2990.08
145166.83555964995,2992.64
145266.88162137265,3161.6
145366.92768309536,3102.72
145466.97374481807,2900.48
145567.01980654077,2903.04
145667.06586826348,3194.88
145767.1119299862,2851.84
145867.1579917089,3092.48
145967.2040534316,2903.04
146067.2501151543,3000.32
146167.29617687702,2915.84
146267.34223859973,2846.72
146367.38830032243,3000.32
146467.43436204514,3148.8
146567.48042376785,3153.92
146667.52648549055,2961.92
146767.57254721326,2984.96
146867.61860893597,3010.56
146967.66467065868,3128.32
147067.71073238138,3174.4
147167.7567941041,2944.0
147267.8028558268,2846.72
147367.8489175495,2913.28
147467.8949792722,3110.4
147567.94104099492,2741.76
147667.98710271766,2823.68
147768.03316444036,2792.96
147868.07922616307,2867.2
147968.12528788578,2764.8
148068.17134960848,2933.76
148168.2174113312,3025.92
148268.2634730539,3064.32
148368.3095347766,3235.84
148468.3555964993,2928.64
148568.40165822202,3059.2
148668.44771994473,2938.88
148768.49378166744,3072.0
148868.53984339014,2908.16
148968.58590511285,3054.08
149068.63196683556,2964.48
149168.67802855826,2984.96
149268.72409028097,2790.4
149368.77015200368,3072.0
149468.8162137264,3105.28
149568.8622754491,2648.32
149668.9083371718,2872.32
149768.9543988945,3114.24
149869.00046061722,2931.2
149969.04652233992,2913.28
150069.09258406266,2892.8
150169.13864578537,3033.6
150269.18470750807,2908.16
150369.23076923078,3348.48
150469.2768309535,3146.24
150569.3228926762,2746.88
150669.3689543989,2726.4
150769.4150161216,2956.8
150869.46107784432,2938.88
150969.50713956702,3087.36
151069.55320128973,2688.0
151169.59926301244,2831.36
151269.64532473515,2974.72
151369.69138645785,2808.32
151469.73744818056,2954.24
151569.78350990327,2908.16
151669.82957162597,3022.08
151769.87563334868,3097.6
151869.9216950714,3033.6
151969.9677567941,3031.04
152070.0138185168,3179.52
152170.0598802395,3000.32
152270.10594196222,2987.52
152370.15200368493,3013.12
152470.19806540766,2908.16
152570.24412713037,3248.64
152670.29018885308,3051.52
152770.33625057578,3066.88
152870.3823122985,2990.08
152970.4283740212,2634.24
153070.4744357439,2992.64
153170.5204974666,2851.84
153270.56655918932,2959.36
153370.61262091203,3000.32
153470.65868263473,2728.96
153570.70474435744,3005.44
153670.75080608015,2836.48
153770.79686780286,3028.48
153870.84292952556,2885.12
153970.88899124827,2982.4
154070.93505297098,2990.08
154170.98111469368,2728.96
154271.0271764164,2856.96
154371.0732381391,2931.2
154471.1192998618,2982.4
154571.1653615845,2808.32
154671.21142330722,3130.88
154771.25748502993,3069.44
154871.30354675264,2897.92
154971.34960847537,3226.88
155071.39567019808,3141.12
155171.4417319208,3038.72
155271.4877936435,2841.6
155371.5338553662,3000.32
155471.5799170889,3013.12
155571.62597881161,3120.64
155671.67204053432,3156.48
155771.71810225703,2821.12
155871.76416397974,2887.68
155971.81022570244,2877.44
156071.85628742515,3010.56
156171.90234914786,2762.88
156271.94841087057,2984.96
156371.99447259327,3112.96
156472.04053431598,2780.16
156572.0865960387,2987.52
156672.1326577614,2877.44
156772.1787194841,3066.88
156872.2247812068,2995.2
156972.27084292952,2780.16
157072.31690465222,2938.88
157172.36296637493,2964.48
157272.40902809764,3217.92
157372.45508982037,3100.16
157472.50115154308,3077.12
157572.5472132658,2974.72
157672.5932749885,3069.44
157772.6393367112,3281.92
157872.6853984339,2848.0
157972.73146015662,2872.32
158072.77752187932,2956.8
158172.82358360203,3036.16
158272.86964532474,3179.52
158372.91570704745,2903.04
158472.96176877015,2933.76
158573.00783049286,3118.08
158673.05389221557,2657.28
158773.09995393828,3184.64
158873.14601566098,2728.96
158973.1920773837,2990.08
159073.2381391064,2869.76
159173.2842008291,2897.92
159273.3302625518,2744.32
159373.37632427452,2959.36
159473.42238599723,3097.6
159573.46844771993,2836.48
159673.51450944264,3072.0
159773.56057116538,2746.88
159873.60663288808,2964.48
159973.6526946108,3174.4
160073.6987563335,3048.96
160173.7448180562,3143.68
160273.7908797789,2946.56
160373.83694150162,2974.72
160473.88300322433,2885.12
160573.92906494703,3133.44
160673.97512666974,2744.32
160774.02118839245,2931.2
160874.06725011516,2856.96
160974.11331183786,3013.12
161074.15937356057,2918.4
161174.20543528328,2854.4
161274.251497006,2984.96
161374.2975587287,3200.0
161474.3436204514,2913.28
161574.3896821741,2949.12
161674.4357438968,2992.64
161774.48180561952,2954.24
161874.52786734223,3051.52
161974.57392906494,2977.28
162074.61999078764,2969.6
162174.66605251035,2611.2
162274.7121142331,3018.24
162374.7581759558,3036.16
162474.8042376785,2949.12
162574.8502994012,2851.84
162674.89636112392,3051.52
162774.94242284662,2810.88
162874.98848456933,2979.84
162975.03454629204,2979.84
163075.08060801474,2923.52
163175.12666973745,2897.92
163275.17273146016,2993.92
163375.21879318287,3025.92
163475.26485490557,2990.08
163575.31091662828,3297.28
163675.356978351,2913.28
163775.4030400737,2979.84
163875.4491017964,3046.4
163975.4951635191,2949.12
164075.54122524182,3169.28
164175.58728696452,2969.6
164275.63334868723,2662.4
164375.67941040994,3281.92
164475.72547213265,2845.44
164575.77153385535,2974.72
164675.8175955781,3015.68
164775.8636573008,3036.16
164875.9097190235,3005.44
164975.9557807462,2967.04
165076.00184246892,3020.8
165176.04790419163,3072.0
165276.09396591433,3015.68
165376.14002763704,2813.44
165476.18608935975,3005.44
165576.23215108245,3128.32
165676.27821280516,3084.8
165776.32427452787,2908.16
165876.37033625058,3136.0
165976.41639797328,3302.4
166076.462459696,3151.36
166176.5085214187,3100.16
166276.5545831414,3052.8
166376.6006448641,3100.16
166476.64670658682,3143.68
166576.69276830953,3033.6
166676.73883003223,3027.2
166776.78489175494,2872.32
166876.83095347765,2818.56
166976.87701520036,3176.96
167076.92307692306,3102.72
167176.9691386458,3013.12
167277.0152003685,3097.6
167377.0612620912,3107.84
167477.10732381392,3061.76
167577.15338553663,3151.36
167677.19944725934,3107.84
167777.24550898204,3123.2
167877.29157070475,2790.4
167977.33763242746,3041.28
168077.38369415016,3148.8
168177.42975587287,2903.04
168277.47581759558,3089.92
168377.5218793183,2961.92
168477.567941041,3036.16
168577.6140027637,3130.88
168677.6600644864,3153.92
168777.70612620912,3261.44
168877.75218793182,3051.52
168977.79824965453,2731.52
169077.84431137724,2775.04
169177.89037309994,3087.36
169277.93643482265,3036.16
169377.98249654536,3143.68
169478.02855826807,2831.36
169578.0746199908,2826.24
169678.1206817135,3225.6
169778.16674343622,2951.68
169878.21280515892,2933.76
169978.25886688163,3159.04
170078.30492860434,2979.84
170178.35099032705,3046.4
170278.39705204975,3107.84
170378.44311377246,3046.4
170478.48917549517,2980.48
170578.53523721787,2836.48
170678.58129894058,3107.84
170778.6273606633,3174.4
170878.673422386,2790.4
170978.7194841087,3102.72
171078.7655458314,2993.92
171178.81160755412,3020.8
171278.85766927683,3051.52
171378.90373099953,3184.64
171478.94979272224,3066.88
171578.99585444495,2936.32
171679.04191616765,3297.28
171779.08797789036,2987.52
171879.13403961307,3179.52
171979.1801013358,3059.2
172079.2261630585,2974.72
172179.27222478122,2987.52
172279.31828650393,3041.28
172379.36434822663,3153.92
172479.41040994934,3164.16
172579.45647167205,3143.68
172679.50253339476,3123.2
172779.54859511746,3046.4
172879.59465684017,2721.28
172979.64071856288,3189.76
173079.68678028558,3138.56
173179.7328420083,2961.92
173279.778903731,2821.12
173379.8249654537,2990.08
173479.8710271764,2984.96
173579.91708889912,2887.68
173679.96315062183,3097.6
173780.00921234454,2854.4
173880.05527406724,3246.08
173980.10133578995,3261.44
174080.14739751266,3015.68
174180.19345923536,2821.12
174280.23952095807,2831.36
174380.28558268078,3051.52
174480.33164440352,3110.4
174580.37770612622,3133.44
174680.42376784893,2785.28
174780.46982957164,3025.92
174880.51589129434,3266.56
174980.56195301705,2984.96
175080.60801473976,2969.6
175180.65407646247,2892.8
175280.70013818517,3133.44
175380.74619990788,3123.2
175480.7922616306,3130.88
175580.8383233533,3171.84
175680.884385076,2959.36
175780.9304467987,3057.92
175880.97650852142,2995.2
175981.02257024412,3210.24
176081.06863196683,2897.92
176181.11469368954,2964.48
176281.16075541225,2880.0
176381.20681713495,3046.4
176481.25287885766,3089.92
176581.29894058037,3031.04
176681.34500230307,3059.2
176781.39106402578,3087.36
176881.43712574852,3097.6
176981.48318747123,2831.36
177081.52924919393,3069.44
177181.57531091664,2944.0
177281.62137263935,3036.16
177381.66743436205,2874.88
177481.71349608476,3102.72
177581.75955780747,3112.96
177681.80561953018,3230.72
177781.85168125288,3118.08
177881.8977429756,3363.84
177981.9438046983,3074.56
178081.989866421,3125.76
178182.0359281437,2923.52
178282.08198986642,2892.8
178382.12805158913,3100.16
178482.17411331183,3033.6
178582.22017503454,3123.2
178682.26623675725,3148.8
178782.31229847996,3180.8
178882.35836020266,2885.12
178982.40442192537,3054.08
179082.45048364808,2897.92
179182.49654537078,3170.56
179282.54260709352,3174.4
179382.58866881623,3164.16
179482.63473053894,3240.96
179582.68079226164,2938.88
179682.72685398435,3038.72
179782.77291570706,3056.64
179882.81897742976,3015.68
179982.86503915247,3084.8
180082.91110087518,3281.92
180182.9571625979,3048.96
180283.0032243206,2931.2
180383.0492860433,2946.56
180483.095347766,3105.28
180583.14140948871,2711.04
180683.18747121142,3143.68
180783.23353293413,2969.6
180883.27959465684,3041.28
180983.32565637954,3089.92
181083.37171810225,3020.8
181183.41777982496,3020.8
181283.46384154767,3013.76
181383.50990327037,2762.24
181483.55596499308,2944.0
181583.6020267158,3205.12
181683.6480884385,3138.56
181783.69415016123,3087.36
181883.74021188394,3020.8
181983.78627360665,3069.44
182083.83233532935,3008.0
182183.87839705206,2961.92
182283.92445877477,3182.08
182383.97052049747,3238.4
182484.01658222018,3153.92
182584.0626439429,3082.24
182684.1087056656,3066.88
182784.1547673883,3266.56
182884.200829111,3005.44
182984.24689083372,3205.12
183084.29295255643,3115.52
183184.33901427913,3176.96
183284.38507600184,3025.92
183384.43113772455,2951.68
183484.47719944725,3102.72
183584.52326116996,3264.0
183684.56932289267,3324.16
183784.61538461538,3033.6
183884.66144633808,3033.6
183984.7075080608,2841.6
184084.7535697835,3031.04
184184.79963150623,2951.68
184284.84569322894,3159.04
184384.89175495165,3297.28
184484.93781667436,3102.72
184584.98387839706,3097.6
184685.02994011977,3010.56
184785.07600184248,2928.64
184885.12206356518,3118.08
184985.1681252879,2972.16
185085.2141870106,2872.32
185185.2602487333,2831.36
185285.306310456,3202.56
185385.35237217872,3159.04
185485.39843390143,2816.0
185585.44449562414,3220.48
185685.49055734684,3097.6
185785.53661906955,3048.96
185885.58268079226,3061.76
185985.62874251496,3153.92
186085.67480423767,2910.72
186185.72086596038,3087.36
186285.7669276831,2828.8
186385.8129894058,3164.16
186485.8590511285,3246.08
186585.9051128512,3097.6
186685.95117457394,3107.84
186785.99723629665,2959.36
186886.04329801936,3297.28
186986.08935974207,2972.16
187086.13542146477,2935.04
187186.18148318748,2874.88
187286.2275449102,2882.56
187386.2736066329,3010.56
187486.3196683556,3246.08
187586.3657300783,3180.8
187686.41179180102,2949.12
187786.45785352372,3036.16
187886.50391524643,2920.96
187986.54997696914,3128.32
188086.59603869185,3169.28
188186.64210041455,3226.88
188286.68816213726,2984.96
188386.73422385997,3240.96
188486.78028558267,3164.16
188586.82634730538,3077.12
188686.8724090281,2995.2
188786.9184707508,3153.92
188886.9645324735,3138.56
188987.0105941962,2974.72
189087.05665591895,3143.68
189187.10271764165,2987.52
189287.14877936436,3230.72
189387.19484108707,2993.92
189487.24090280978,3133.44
189587.28696453248,3238.4
189687.3330262552,3225.6
189787.3790879779,2944.0
189887.4251497006,2984.96
189987.4712114233,3015.68
190087.51727314602,3322.88
190187.56333486873,3031.04
190287.60939659143,2931.2
190387.65545831414,2961.92
190487.70152003685,3000.32
190587.74758175956,3061.76
190687.79364348226,2910.72
190787.83970520497,3084.8
190887.88576692768,2926.08
190987.93182865038,3281.92
191087.9778903731,3322.88
191188.0239520958,3169.28
191288.0700138185,2968.32
191388.1160755412,3251.2
191488.16213726395,3064.32
191588.20819898666,3161.6
191688.25426070936,2920.96
191788.30032243207,2964.48
191888.34638415478,3230.72
191988.39244587749,3097.6
192088.4385076002,3205.12
192188.4845693229,3112.96
192288.5306310456,3471.36
192388.5766927683,3317.76
192488.62275449102,2969.6
192588.66881621373,3031.04
192688.71487793644,3138.56
192788.76093965914,3082.24
192888.80700138185,3092.48
192988.85306310456,3189.76
193088.89912482727,3046.4
193188.94518654997,3159.04
193288.99124827268,2974.72
193389.0373099954,3192.32
193489.0833717181,3015.68
193589.1294334408,3056.64
193689.1754951635,3000.32
193789.22155688622,3130.88
193889.26761860892,3138.56
193989.31368033166,3281.92
194089.35974205437,3161.6
194189.40580377707,2954.24
194289.45186549978,3248.64
194389.4979272225,3179.52
194489.5439889452,3133.44
194589.5900506679,2949.12
194689.6361123906,3358.72
194789.68217411332,3194.88
194889.72823583602,3120.64
194989.77429755873,3138.56
195089.82035928144,3083.52
195189.86642100415,3138.56
195289.91248272685,3105.28
195389.95854444956,3159.04
195490.00460617227,2923.52
195590.05066789498,2920.96
195690.09672961768,3066.88
195790.1427913404,3179.52
195890.1888530631,3066.88
195990.2349147858,3120.64
196090.2809765085,3141.12
196190.32703823122,3118.08
196290.37309995393,3189.76
196390.41916167666,3161.6
196490.46522339937,3174.4
196590.51128512208,3077.12
196690.55734684478,3048.96
196790.6034085675,2919.68
196890.6494702902,3112.96
196990.6955320129,3225.6
197090.7415937356,3184.64
197190.78765545832,2869.76
197290.83371718103,3092.48
197390.87977890373,2910.72
197490.92584062644,3143.68
197590.97190234915,3138.56
197691.01796407186,3326.72
197791.06402579456,3036.16
197891.11008751727,3302.4
197991.15614923998,3128.32
198091.20221096269,2908.16
198191.2482726854,3312.64
198291.2943344081,2918.4
198391.3403961308,2938.88
198491.3864578535,3189.76
198591.43251957622,3230.72
198691.47858129893,3189.76
198791.52464302164,2990.08
198891.57070474437,3230.72
198991.61676646708,3143.68
199091.6628281898,2951.68
199191.7088899125,3215.36
199291.7549516352,2915.84
199391.8010133579,3225.6
199491.84707508062,3118.08
199591.89313680332,3005.44
199691.93919852603,3319.04
199791.98526024874,3233.28
199892.03132197144,3046.4
199992.07738369415,3292.16
200092.12344541686,3041.28
200192.16950713957,3138.56
200292.21556886227,3266.56
200392.26163058498,3251.2
200492.3076923077,2987.52
200592.3537540304,3246.08
200692.3998157531,3374.08
200792.4458774758,3251.2
200892.49193919852,3069.76
200992.53800092122,3159.04
201092.58406264393,3087.36
201192.63012436664,3348.48
201292.67618608937,3330.56
201392.72224781208,2808.32
201492.7683095348,3082.24
201592.8143712575,3123.2
201692.8604329802,3072.0
201792.9064947029,3228.16
201892.95255642562,2995.2
201992.99861814833,3112.96
202093.04467987103,3292.16
202193.09074159374,3322.88
202293.13680331645,3046.4
202393.18286503915,3133.44
202493.22892676186,2956.8
202593.27498848457,3294.72
202693.32105020728,3043.84
202793.36711192998,3013.12
202893.4131736527,3000.32
202993.4592353754,2926.08
203093.5052970981,3310.08
203193.5513588208,3023.36
203293.59742054352,3328.0
203393.64348226623,2890.24
203493.68954398893,3107.84
203593.73560571164,2987.52
203693.78166743438,3107.84
203793.82772915708,3072.0
203893.8737908798,3192.32
203993.9198526025,3089.92
204093.9659143252,3125.76
204194.0119760479,3077.12
204294.05803777062,3105.28
204394.10409949333,3225.6
204494.15016121604,3072.0
204594.19622293874,3200.0
204694.24228466145,2882.56
204794.28834638416,2877.44
204894.33440810686,3038.72
204994.38046982957,3082.24
205094.42653155228,3107.84
205194.472593275,3187.2
205294.5186549977,3089.92
205394.5647167204,3333.12
205494.6107784431,3230.72
205594.65684016582,3156.48
205694.70290188852,3013.12
205794.74896361123,3281.92
205894.79502533394,3197.44
205994.84108705664,3220.48
206094.88714877935,3092.48
206194.9332105021,2974.72
206294.9792722248,3159.04
206395.0253339475,3156.48
206495.0713956702,3164.16
206595.11745739292,3248.64
206695.16351911562,3302.4
206795.20958083833,3097.6
206895.25564256104,3240.96
206995.30170428375,3031.04
207095.34776600645,3018.24
207195.39382772916,3059.2
207295.43988945187,3281.92
207395.48595117457,3174.4
207495.53201289728,3325.44
207595.57807462,3138.56
207695.6241363427,3020.8
207795.6701980654,3357.44
207895.7162597881,3107.84
207995.76232151082,2908.16
208095.80838323353,2915.84
208195.85444495623,3176.96
208295.90050667894,3002.88
208395.94656840165,3048.96
208495.99263012435,3020.8
208596.0386918471,3036.16
208696.0847535698,2920.96
208796.1308152925,3107.84
208896.1768770152,3504.64
208996.22293873792,3184.64
209096.26900046063,3066.88
209196.31506218333,3105.28
209296.36112390604,3302.4
209396.40718562875,3151.36
209496.45324735146,2836.48
209596.49930907416,2974.72
209696.54537079687,2874.88
209796.59143251958,3276.8
209896.63749424228,3194.88
209996.683555965,2954.24
210096.7296176877,3292.16
210196.7756794104,3000.32
210296.8217411331,3179.52
210396.86780285582,3284.48
210496.91386457853,2926.08
210596.95992630124,3020.8
210697.00598802394,3077.12
210797.05204974665,2995.2
210897.09811146936,3225.6
210997.1441731921,3023.36
211097.1902349148,2979.84
211197.2362966375,3202.56
211297.28235836021,3182.08
211397.32842008292,3174.4
211497.37448180563,3261.44
211597.42054352834,3210.24
211697.46660525104,3112.96
211797.51266697375,3077.12
211897.55872869646,3174.4
211997.60479041917,3092.48
212097.65085214187,3010.56
212197.69691386458,3002.88
212297.7429755873,3112.96
212397.78903731,3266.56
212497.8350990327,2895.36
212597.8811607554,3322.88
212697.92722247812,2982.4
212797.97328420082,2987.52
212898.01934592353,3112.96
212998.06540764624,3266.56
213098.11146936895,3258.88
213198.15753109165,3020.8
213298.20359281436,3230.72
213398.24965453707,2941.44
213498.2957162598,3261.44
213598.3417779825,3069.44
213698.38783970522,3174.4
213798.43390142792,3028.48
213898.47996315063,3161.6
213998.52602487334,3056.64
214098.57208659605,3358.72
214198.61814831875,3002.88
214298.66421004146,3032.32
214398.71027176417,3389.44
214498.75633348688,3048.96
214598.80239520958,3251.2
214698.8484569323,3266.56
214798.894518655,3143.68
214898.9405803777,3205.12
214998.9866421004,2872.32
215099.03270382312,2868.48
215199.07876554583,3041.28
215299.12482726853,3048.96
215399.17088899124,2974.72
215499.21695071395,3297.28
215599.26301243666,3261.44
215699.30907415936,3112.96
215799.35513588207,3338.24
215899.4011976048,3246.08
215999.4472593275,3114.24
216099.49332105022,3025.92
216199.53938277293,3020.8
216299.58544449563,3333.12
216399.63150621834,3133.44
216499.67756794105,2997.76
216599.72362966376,3130.88
216699.76969138646,3164.16
216799.81575310917,3184.64
216899.86181483188,3210.24
216999.9078765546,3274.24
217099.9539382773,3164.16
217200.0,3004.16
